No. of Match,Date,Tournament Name,Stadium,Result,Host,Match Type
0,1986-03-31,1985-1986 John Player Gold Leaf Trophy (v. Pakistan),Tyronne Fernando Stadium,Pakistan won by 7 wickets,Sri Lanka,Series
1,1986-04-02,1985-1986 John Player Gold Leaf Trophy (v. Sri Lanka),Asgiriya Stadium,Sri Lanka won by 7 wickets,Sri Lanka,Series
2,1988-10-27,1988-1989 Wills Asia Cup (v. India),MA Aziz Stadium,India won by 9 wickets,Bangladesh,Wills Asia Cup
3,1988-10-29,1988-1989 Wills Asia Cup (v. Pakistan),MA Aziz Stadium,Pakistan won by 173 runs,Bangladesh,Wills Asia Cup
4,1988-11-02,1988-1989 Wills Asia Cup (v. Sri Lanka),Bangabandhu National Stadium,Sri Lanka won by 9 wickets,Bangladesh,Wills Asia Cup
5,1990-04-28,1989-1990 Austral-Asia Cup (v. New Zealand),Sharjah Cricket Stadium,New Zealand won by 161 runs,United Arab Emirates,Austral-Asia Cup
6,1990-04-30,1989-1990 Austral-Asia Cup (v. Australia),Sharjah Cricket Stadium,Australia won by 7 wickets,United Arab Emirates,Austral-Asia Cup
7,1990-12-25,1990-1991 Asia Cup (v. India),Sector 16 Stadium,India won by 9 wickets,India,1991 Asia Cup
8,1990-12-31,1990-1991 Asia Cup (v. Sri Lanka),Eden Gardens,Sri Lanka won by 71 runs,India,1991 Asia Cup
9,1995-04-05,1994-1995 Pepsi Asia Cup (v. India),Sharjah Cricket Stadium,India won by 9 wickets,United Arab Emirates,Pepsi Asia Cup
10,1995-04-06,1994-1995 Pepsi Asia Cup (v. Sri Lanka),Sharjah Cricket Stadium,Sri Lanka won by 107 runs,United Arab Emirates,Pepsi Asia Cup
11,1995-04-08,1994-1995 Pepsi Asia Cup (v. Pakistan),Sharjah Cricket Stadium,Pakistan won by 6 wickets,United Arab Emirates,Pepsi Asia Cup
12,1997-07-16,1997-1998 Pepsi Asia Cup (v. Pakistan),R Premadasa Stadium,Pakistan won by 109 runs,Sri Lanka,Pepsi Asia Cup
13,1997-07-22,1997-1998 Pepsi Asia Cup (v. Sri Lanka),Sinhalese Sports Club Ground,Sri Lanka won by 103 runs,Sri Lanka,Pepsi Asia Cup
14,1997-07-24,1997-1998 Pepsi Asia Cup (v. India),Sinhalese Sports Club Ground,India won by 9 wickets,Sri Lanka,Pepsi Asia Cup
15,1997-10-10,1997-1998 President's Cup (v. Kenya),Gymkhana Club Ground,Kenya won by 150 runs,Kenya,Series
16,1997-10-11,1997-1998 President's Cup (v. Zimbabwe),Gymkhana Club Ground,Zimbabwe won by 48 runs,Kenya,Series
17,1997-10-14,1997-1998 President's Cup (v. Zimbabwe),Aga Khan Sports Club Ground,Zimbabwe won by 192 runs,Kenya,Series
18,1997-10-15,1997-1998 President's Cup (v. Kenya),Aga Khan Sports Club Ground,Kenya won by 8 wickets,Kenya,Series
19,1998-01-10,1997-1998 Silver Jubilee Independence Cup (v. India),Bangabandhu National Stadium,India won by 4 wickets,Bangladesh,Series
20,1998-01-12,1997-1998 Silver Jubilee Independence Cup (v. Pakistan),Bangabandhu National Stadium,Pakistan won by 9 wickets,Bangladesh,Series
21,1998-05-14,1997-1998 Coca-Cola Triangular Series (v. India),Punjab Cricket Association IS Bindra Stadium,India won by 5 wickets,India,Series
22,1998-05-17,1997-1998 Coca-Cola Triangular Series (v. Kenya),Lal Bahadur Shastri Stadium,Bangladesh won by 6 wickets,India,Series
23,1998-05-23,1997-1998 Coca-Cola Triangular Series (v. Kenya),MA Chidambaram Stadium,Kenya won by 28 runs,India,Series
24,1998-05-25,1997-1998 Coca-Cola Triangular Series (v. India),Wankhede Stadium,India won by 5 wickets,India,Series
25,1999-03-16,1998-1999 Bangladesh v. Pakistan,Bangabandhu National Stadium,Pakistan won by 152 runs,Bangladesh,Series
26,1999-03-20,1998-1999 Meril International Tournament (v. Kenya),Bangabandhu National Stadium,Kenya won by 8 wickets,Bangladesh,Series
27,1999-03-21,1998-1999 Meril International Tournament (v. Zimbabwe),Bangabandhu National Stadium,Zimbabwe won by 126 runs,Bangladesh,Series
28,1999-03-24,1998-1999 Meril International Tournament (v. Kenya),Bangabandhu National Stadium,Kenya won by 73 runs,Bangladesh,Series
29,1999-03-25,1998-1999 Meril International Tournament (v. Zimbabwe),Bangabandhu National Stadium,Zimbabwe won by 3 wickets,Bangladesh,Series
30,1999-05-17,1999 ICC World Cup (v. New Zealand),County Ground (Chelmsford),New Zealand won by 6 wickets,England,1999 ICC World Cup
31,1999-05-21,1999 ICC World Cup (v. West Indies),Castle Avenue,West Indies won by 7 wickets,Ireland,1999 ICC World Cup
32,1999-05-24,1999 ICC World Cup (v. Scotland),Grange Cricket Club,Bangladesh won by 22 runs,Scotland,1999 ICC World Cup
33,1999-05-27,1999 ICC World Cup (v. Australia),Riverside Ground,Australia won by 7 wickets,England,1999 ICC World Cup
34,1999-05-31,1999 ICC World Cup (v. Pakistan),County Ground (Northampton),Bangladesh won by 62 runs,England,1999 ICC World Cup
35,1999-10-08,1999-2000 Bangladesh v. West Indies,Bangabandhu National Stadium,West Indies won by 73 runs,Bangladesh,Series
36,1999-10-09,1999-2000 Bangladesh v. West Indies,Bangabandhu National Stadium,West Indies won by 109 runs,Bangladesh,Series
37,2000-05-29,1999-2000 Asia Cup (v. Sri Lanka),Bangabandhu National Stadium,Sri Lanka won by 9 wickets,Bangladesh,2000 Asia Cup
38,2000-05-30,1999-2000 Asia Cup (v. India),Bangabandhu National Stadium,India won by 8 wickets,Bangladesh,2000 Asia Cup
39,2000-06-02,1999-2000 Asia Cup (v. Pakistan),Bangabandhu National Stadium,Pakistan won by 233 runs,Bangladesh,2000 Asia Cup
40,2000-10-05,2000-2001 ICC Knock-Out (v. England),Gymkhana Club Ground,England won by 8 wickets,Kenya,2001 ICC Knock-Out
41,2001-04-07,2000-2001 Zimbabwe v. Bangladesh,Harare Sports Club,Zimbabwe won by 7 wickets,Zimbabwe,Series
42,2001-04-08,2000-2001 Zimbabwe v. Bangladesh,Harare Sports Club,Zimbabwe won by 127 runs,Zimbabwe,Series
43,2001-04-11,2000-2001 Zimbabwe v. Bangladesh,Queens Sports Club,Zimbabwe won by 36 runs,Zimbabwe,Series
44,2001-11-23,2001-2002 Bangladesh v. Zimbabwe,MA Aziz Stadium,Zimbabwe won by 5 wickets,Bangladesh,Series
45,2001-11-25,2001-2002 Bangladesh v. Zimbabwe,Bangabandhu National Stadium,Zimbabwe won by 42 runs,Bangladesh,Series
46,2001-11-26,2001-2002 Bangladesh v. Zimbabwe,Bangabandhu National Stadium,Zimbabwe won by 7 wickets,Bangladesh,Series
47,2002-01-22,2001-2002 Bangladesh v. Pakistan,MA Aziz Stadium,Pakistan won by 49 runs,Bangladesh,Series
48,2002-01-24,2001-2002 Bangladesh v. Pakistan,Bangabandhu National Stadium,Pakistan won by 72 runs,Bangladesh,Series
49,2002-01-25,2001-2002 Bangladesh v. Pakistan,Bangabandhu National Stadium,Pakistan won by 8 wickets,Bangladesh,Series
50,2002-08-04,2002-2003 Sri Lanka v. Bangladesh,Sinhalese Sports Club Ground,Sri Lanka won by 5 wickets,Sri Lanka,Series
51,2002-08-05,2002-2003 Sri Lanka v. Bangladesh,Sinhalese Sports Club Ground,Sri Lanka won by 8 wickets,Sri Lanka,Series
52,2002-08-07,2002-2003 Sri Lanka v. Bangladesh,R Premadasa Stadium,Sri Lanka won by 58 runs,Sri Lanka,Series
53,2002-09-19,2002-2003 ICC Champions Trophy (v. Australia),Sinhalese Sports Club Ground,Australia won by 9 wickets,Sri Lanka,2003 ICC Champions Trophy
54,2002-09-23,2002-2003 ICC Champions Trophy (v. New Zealand),Sinhalese Sports Club Ground,New Zealand won by 167 runs,Sri Lanka,2003 ICC Champions Trophy
55,2002-10-03,2002-2003 South Africa v. Bangladesh,Senwes Park,South Africa won by 168 runs,South Africa,Series
56,2002-10-06,2002-2003 South Africa v. Bangladesh,Willowmoore Park,South Africa won by 10 wickets,South Africa,Series
57,2002-10-09,2002-2003 South Africa v. Bangladesh,Diamond Oval,South Africa won by 7 wickets,South Africa,Series
58,2002-11-29,2002-2003 Bangladesh v. West Indies,MA Aziz Stadium,No Result,Bangladesh,Series
59,2002-12-02,2002-2003 Bangladesh v. West Indies,Bangabandhu National Stadium,West Indies won by 84 runs,Bangladesh,Series
60,2002-12-03,2002-2003 Bangladesh v. West Indies,Bangabandhu National Stadium,West Indies won by 86 runs,Bangladesh,Series
61,2003-02-11,2002-2003 ICC World Cup (v. Canada),Kingsmead,Canada won by 60 runs,South Africa,2003 ICC World Cup
62,2003-02-14,2002-2003 ICC World Cup (v. Sri Lanka),City Oval,Sri Lanka won by 10 wickets,South Africa,2003 ICC World Cup
63,2003-02-18,2002-2003 ICC World Cup (v. West Indies),Willowmoore Park,No Result,South Africa,2003 ICC World Cup
64,2003-02-22,2002-2003 ICC World Cup (v. South Africa),Mangaung Oval,South Africa won by 10 wickets,South Africa,2003 ICC World Cup
65,2003-02-26,2002-2003 ICC World Cup (v. New Zealand),Diamond Oval,New Zealand won by 7 wickets,South Africa,2003 ICC World Cup
66,2003-03-01,2002-2003 ICC World Cup (v. Kenya),Wanderers Stadium,Kenya won by 32 runs,South Africa,2003 ICC World Cup
67,2003-04-11,2002-2003 TVS Cup (v. India),Bangabandhu National Stadium,India won by 200 runs,Bangladesh,Series
68,2003-04-14,2002-2003 TVS Cup (v. South Africa),Bangabandhu National Stadium,South Africa won by 83 runs,Bangladesh,Series
69,2003-04-16,2002-2003 TVS Cup (v. India),Bangabandhu National Stadium,India won by 4 wickets,Bangladesh,Series
70,2003-04-17,2002-2003 TVS Cup (v. South Africa),Bangabandhu National Stadium,South Africa won by 93 runs,Bangladesh,Series
71,2003-08-02,2003-2004 Australia v. Bangladesh,Cazaly's Stadium,Australia won by 8 wickets,Australia,Series
72,2003-08-03,2003-2004 Australia v. Bangladesh,Cazaly's Stadium,Australia won by 9 wickets,Australia,Series
73,2003-08-06,2003-2004 Australia v. Bangladesh,Marrara Cricket Ground,Australia won by 112 runs,Australia,Series
74,2003-09-09,2003-2004 Pakistan v. Bangladesh,Multan Cricket Stadium,Pakistan won by 137 runs,Pakistan,Series
75,2003-09-12,2003-2004 Pakistan v. Bangladesh,Iqbal Stadium,Pakistan won by 74 runs,Pakistan,Series
76,2003-09-15,2003-2004 Pakistan v. Bangladesh,Gaddafi Stadium,Pakistan won by 42 runs,Pakistan,Series
77,2003-09-18,2003-2004 Pakistan v. Bangladesh,Rawalpindi Cricket Stadium,Pakistan won by 5 wickets,Pakistan,Series
78,2003-09-21,2003-2004 Pakistan v. Bangladesh,National Stadium (Karachi),Pakistan won by 58 runs,Pakistan,Series
79,2003-11-07,2003-2004 Bangladesh v. England,MA Aziz Stadium,England won by 7 wickets,Bangladesh,Series
80,2003-11-10,2003-2004 Bangladesh v. England,Bangabandhu National Stadium,England won by 7 wickets,Bangladesh,Series
81,2003-11-12,2003-2004 Bangladesh v. England,Bangabandhu National Stadium,England won by 7 wickets,Bangladesh,Series
82,2004-03-10,2003-2004 Zimbabwe v. Bangladesh,Harare Sports Club,Bangladesh won by 8 runs,Zimbabwe,Series
83,2004-03-12,2003-2004 Zimbabwe v. Bangladesh,Harare Sports Club,Zimbabwe won by 14 runs,Zimbabwe,Series
84,2004-03-14,2003-2004 Zimbabwe v. Bangladesh,Harare Sports Club,Zimbabwe won by 3 wickets,Zimbabwe,Series
85,2004-05-15,2003-2004 West Indies v. Bangladesh,Arnos Vale Ground,West Indies won by 1 wicket,West Indies,Series
86,2004-05-16,2003-2004 West Indies v. Bangladesh,Arnos Vale Ground,West Indies won by 23 runs,West Indies,Series
87,2004-05-19,2003-2004 West Indies v. Bangladesh,National Cricket Stadium (Grenada),West Indies won by 7 wickets,West Indies,Series
88,2004-07-16,2004-2005 Asia Cup (v. Hong Kong),Sinhalese Sports Club Ground,Bangladesh won by 116 runs,Sri Lanka,2005 Asia Cup
89,2004-07-17,2004-2005 Asia Cup (v. Pakistan),Sinhalese Sports Club Ground,Pakistan won by 76 runs,Sri Lanka,2005 Asia Cup
90,2004-07-21,2004-2005 Asia Cup (v. India),Sinhalese Sports Club Ground,India won by 8 wickets,Sri Lanka,2005 Asia Cup
91,2004-07-23,2004-2005 Asia Cup (v. Sri Lanka),R Premadasa Stadium,Sri Lanka won by 10 wickets,Sri Lanka,2005 Asia Cup
92,2004-07-29,2004-2005 Asia Cup (v. Pakistan),R Premadasa Stadium,Pakistan won by 6 wickets,Sri Lanka,2005 Asia Cup
93,2004-09-12,2004 ICC Champions Trophy (v. South Africa),Edgbaston,South Africa won by 9 wickets,England,2004 ICC Champions Trophy
94,2004-09-15,2004 ICC Champions Trophy (v. West Indies),The Rose Bowl,West Indies won by 138 runs,England,2004 ICC Champions Trophy
95,2004-11-02,2004-2005 Bangladesh v. New Zealand,MA Aziz Stadium,New Zealand won by 138 runs,Bangladesh,Series
96,2004-11-05,2004-2005 Bangladesh v. New Zealand,Bangabandhu National Stadium,New Zealand won by 3 wickets,Bangladesh,Series
97,2004-11-07,2004-2005 Bangladesh v. New Zealand,Bangabandhu National Stadium,New Zealand won by 83 runs,Bangladesh,Series
98,2004-12-23,2004-2005 Bangladesh v. India,MA Aziz Stadium,India won by 11 runs,Bangladesh,Series
99,2004-12-26,2004-2005 Bangladesh v. India,Bangabandhu National Stadium,Bangladesh won by 15 runs,Bangladesh,Series
100,2004-12-27,2004-2005 Bangladesh v. India,Bangabandhu National Stadium,India won by 91 runs,Bangladesh,Series
101,2005-01-20,2004-2005 Bangladesh v. Zimbabwe,Bangabandhu National Stadium,Zimbabwe won by 22 runs,Bangladesh,Series
102,2005-01-24,2004-2005 Bangladesh v. Zimbabwe,MA Aziz Stadium,Zimbabwe won by 31 runs,Bangladesh,Series
103,2005-01-26,2004-2005 Bangladesh v. Zimbabwe,MA Aziz Stadium,Bangladesh won by 40 runs,Bangladesh,Series
104,2005-01-29,2004-2005 Bangladesh v. Zimbabwe,Bangabandhu National Stadium,Bangladesh won by 58 runs,Bangladesh,Series
105,2005-01-31,2004-2005 Bangladesh v. Zimbabwe,Bangabandhu National Stadium,Bangladesh won by 8 wickets,Bangladesh,Series
106,2005-06-16,2005 Natwest Series (v. England),Kennington Oval,England won by 10 wickets,England,Series
107,2005-06-18,2005 Natwest Series (v. Australia),Sophia Gardens,Bangladesh won by 5 wickets,Wales,Series
108,2005-06-21,2005 Natwest Series (v. England),Trent Bridge,England won by 168 runs,England,Series
109,2005-06-25,2005 Natwest Series (v. Australia),Old Trafford,Australia won by 10 wickets,England,Series
110,2005-06-26,2005 Natwest Series (v. England),Headingley,England won by 5 wickets,England,Series
111,2005-06-30,2005 Natwest Series (v. Australia),St Lawrence Ground,Australia won by 6 wickets,England,Series
112,2005-08-31,2005-2006 Sri Lanka v. Bangladesh,Sinhalese Sports Club Ground,Sri Lanka won by 88 runs,Sri Lanka,Series
113,2005-09-02,2005-2006 Sri Lanka v. Bangladesh,R Premadasa Stadium,Sri Lanka won by 75 runs,Sri Lanka,Series
114,2005-09-04,2005-2006 Sri Lanka v. Bangladesh,R Premadasa Stadium,Sri Lanka won by 6 wickets,Sri Lanka,Series
115,2006-02-20,2005-2006 Bangladesh v. Sri Lanka,Shaheed Chandu Stadium,Sri Lanka won by 5 wickets,Bangladesh,Series
116,2006-02-22,2005-2006 Bangladesh v. Sri Lanka,Shaheed Chandu Stadium,Bangladesh won by 4 wickets,Bangladesh,Series
117,2006-02-25,2005-2006 Bangladesh v. Sri Lanka,Zahur Ahmed Chowdhury Stadium,Sri Lanka won by 78 runs,Bangladesh,Series
118,2006-03-17,2005-2006 Bangladesh v. Kenya,Shaheed Chandu Stadium,Bangladesh won by 131 runs,Bangladesh,Series
119,2006-03-20,2005-2006 Bangladesh v. Kenya,Sheikh Abu Naser Stadium,Bangladesh won by 9 wickets,Bangladesh,Series
120,2006-03-23,2005-2006 Bangladesh v. Kenya,Khan Shaheb Osman Ali Stadium,Bangladesh won by 20 runs,Bangladesh,Series
121,2006-03-25,2005-2006 Bangladesh v. Kenya,Khan Shaheb Osman Ali Stadium,Bangladesh won by 7 wickets,Bangladesh,Series
122,2006-04-23,2005-2006 Bangladesh v. Australia,Zahur Ahmed Chowdhury Stadium,Australia won by 4 wickets,Bangladesh,Series
123,2006-04-26,2005-2006 Bangladesh v. Australia,Khan Shaheb Osman Ali Stadium,Australia won by 67 runs,Bangladesh,Series
124,2006-04-28,2005-2006 Bangladesh v. Australia,Khan Shaheb Osman Ali Stadium,Australia won by 9 wickets,Bangladesh,Series
125,2006-07-29,2006-2007 Zimbabwe v. Bangladesh,Harare Sports Club,Zimbabwe won by 2 wickets,Zimbabwe,Series
126,2006-07-30,2006-2007 Zimbabwe v. Bangladesh,Harare Sports Club,Bangladesh won by 62 runs,Zimbabwe,Series
127,2006-08-02,2006-2007 Zimbabwe v. Bangladesh,Harare Sports Club,Zimbabwe won by 2 wickets,Zimbabwe,Series
128,2006-08-04,2006-2007 Zimbabwe v. Bangladesh,Harare Sports Club,Zimbabwe won by 7 wickets,Zimbabwe,Series
129,2006-08-06,2006-2007 Zimbabwe v. Bangladesh,Harare Sports Club,Bangladesh won by 8 wickets,Zimbabwe,Series
130,2006-08-12,2006-2007 Kenya v. Bangladesh,Gymkhana Club Ground,Bangladesh won by 6 wickets,Kenya,Series
131,2006-08-13,2006-2007 Kenya v. Bangladesh,Gymkhana Club Ground,Bangladesh won by 2 wickets,Kenya,Series
132,2006-08-15,2006-2007 Kenya v. Bangladesh,Gymkhana Club Ground,Bangladesh won by 6 wickets,Kenya,Series
133,2006-10-07,2006-2007 ICC Champions Qualifying (v. Sri Lanka),Punjab Cricket Association IS Bindra Stadium,Sri Lanka won by 37 runs,India,2007 ICC Champions Qualifying
134,2006-10-11,2006-2007 ICC Champions Qualifying (v. West Indies),Sawai Mansingh Stadium,West Indies won by 10 wickets,India,2007 ICC Champions Qualifying
135,2006-10-13,2006-2007 ICC Champions Qualifying (v. Zimbabwe),Sawai Mansingh Stadium,Bangladesh won by 101 runs,India,2007 ICC Champions Qualifying
136,2006-11-30,2006-2007 Bangladesh v. Zimbabwe,Sheikh Abu Naser Stadium,Bangladesh won by 9 wickets,Bangladesh,Series
137,2006-12-03,2006-2007 Bangladesh v. Zimbabwe,Shaheed Chandu Stadium,Bangladesh won by 6 wickets,Bangladesh,Series
138,2006-12-05,2006-2007 Bangladesh v. Zimbabwe,Shaheed Chandu Stadium,Bangladesh won by 26 runs,Bangladesh,Series
139,2006-12-08,2006-2007 Bangladesh v. Zimbabwe,Shere Bangla National Stadium,Bangladesh won by 8 wickets,Bangladesh,Series
140,2006-12-09,2006-2007 Bangladesh v. Zimbabwe,Shere Bangla National Stadium,Bangladesh won by 3 wickets,Bangladesh,Series
141,2006-12-15,2006-2007 Bangladesh v. Scotland,Zahur Ahmed Chowdhury Stadium,Bangladesh won by 6 wickets,Bangladesh,Series
142,2006-12-17,2006-2007 Bangladesh v. Scotland,Shere Bangla National Stadium,Bangladesh won by 146 runs,Bangladesh,Series
143,2007-02-04,2006-2007 Zimbabwe v. Bangladesh,Harare Sports Club,Bangladesh won by 45 runs,Zimbabwe,Series
144,2007-02-06,2006-2007 Zimbabwe v. Bangladesh,Harare Sports Club,Zimbabwe won by 8 wickets,Zimbabwe,Series
145,2007-02-09,2006-2007 Zimbabwe v. Bangladesh,Harare Sports Club,Bangladesh won by 14 runs,Zimbabwe,Series
146,2007-02-10,2006-2007 Zimbabwe v. Bangladesh,Harare Sports Club,Bangladesh won by 1 wicket,Zimbabwe,Series
147,2007-02-25,2006-2007 Associates Tri-Series (v. Bermuda),Antigua Recreation Ground,Bangladesh won by 8 wickets,West Indies,Series
148,2007-02-28,2006-2007 Associates Tri-Series (v. Canada),Antigua Recreation Ground,Bangladesh won by 13 runs,West Indies,Series
149,2007-03-17,2006-2007 ICC World Cup (v. India),Queen's Park Oval,Bangladesh won by 5 wickets,West Indies,2007 ICC World Cup
150,2007-03-21,2006-2007 ICC World Cup (v. Sri Lanka),Queen's Park Oval,Sri Lanka won by 198 runs,West Indies,2007 ICC World Cup
151,2007-03-25,2006-2007 ICC World Cup (v. Bermuda),Queen's Park Oval,Bangladesh won by 7 wickets,West Indies,2007 ICC World Cup
152,2007-03-31,2006-2007 ICC World Cup (v. Australia),Sir Vivian Richards Stadium,Australia won by 10 wickets,West Indies,2007 ICC World Cup
153,2007-04-02,2006-2007 ICC World Cup (v. New Zealand),Sir Vivian Richards Stadium,New Zealand won by 9 wickets,West Indies,2007 ICC World Cup
154,2007-04-07,2006-2007 ICC World Cup (v. South Africa),Providence Stadium,Bangladesh won by 67 runs,West Indies,2007 ICC World Cup
155,2007-04-11,2006-2007 ICC World Cup (v. England),Kensington Oval,England won by 4 wickets,West Indies,2007 ICC World Cup
156,2007-04-15,2006-2007 ICC World Cup (v. Ireland),Kensington Oval,Ireland won by 74 runs,West Indies,2007 ICC World Cup
157,2007-04-19,2006-2007 ICC World Cup (v. West Indies),Kensington Oval,West Indies won by 99 runs,West Indies,2007 ICC World Cup
158,2007-05-10,2006-2007 Bangladesh v. India,Shere Bangla National Stadium,India won by 5 wickets,Bangladesh,Series
159,2007-05-12,2006-2007 Bangladesh v. India,Shere Bangla National Stadium,India won by 46 runs,Bangladesh,Series
160,2007-07-20,2007-2008 Sri Lanka v. Bangladesh,P Sara Oval,Sri Lanka won by 70 runs,Sri Lanka,Series
161,2007-07-23,2007-2008 Sri Lanka v. Bangladesh,R Premadasa Stadium,Sri Lanka won by 5 wickets,Sri Lanka,Series
162,2007-07-25,2007-2008 Sri Lanka v. Bangladesh,R Premadasa Stadium,Sri Lanka won by 39 runs,Sri Lanka,Series
163,2007-12-26,2007-2008 New Zealand v. Bangladesh,Eden Park,New Zealand won by 6 wickets,New Zealand,Series
164,2007-12-28,2007-2008 New Zealand v. Bangladesh,McLean Park,New Zealand won by 102 runs,New Zealand,Series
165,2007-12-31,2007-2008 New Zealand v. Bangladesh,Queenstown Events Centre,New Zealand won by 10 wickets,New Zealand,Series
166,2008-03-09,2007-2008 Bangladesh v. South Africa,Zahur Ahmed Chowdhury Stadium,South Africa won by 9 wickets,Bangladesh,Series
167,2008-03-12,2007-2008 Bangladesh v. South Africa,Shere Bangla National Stadium,South Africa won by 7 wickets,Bangladesh,Series
168,2008-03-14,2007-2008 Bangladesh v. South Africa,Shere Bangla National Stadium,South Africa won by 7 wickets,Bangladesh,Series
169,2008-03-18,2007-2008 Bangladesh v. Ireland,Shere Bangla National Stadium,Bangladesh won by 8 wickets,Bangladesh,Series
170,2008-03-20,2007-2008 Bangladesh v. Ireland,Shere Bangla National Stadium,Bangladesh won by 84 runs,Bangladesh,Series
171,2008-03-22,2007-2008 Bangladesh v. Ireland,Shere Bangla National Stadium,Bangladesh won by 79 runs,Bangladesh,Series
172,2008-04-08,2007-2008 Pakistan v. Bangladesh,Gaddafi Stadium,Pakistan won by 152 runs,Pakistan,Series
173,2008-04-11,2007-2008 Pakistan v. Bangladesh,Iqbal Stadium,Pakistan won by 7 wickets,Pakistan,Series
174,2008-04-13,2007-2008 Pakistan v. Bangladesh,Gaddafi Stadium,Pakistan won by 23 runs,Pakistan,Series
175,2008-04-16,2007-2008 Pakistan v. Bangladesh,Multan Cricket Stadium,Pakistan won by 7 wickets,Pakistan,Series
176,2008-04-19,2007-2008 Pakistan v. Bangladesh,National Stadium (Karachi),Pakistan won by 150 runs,Pakistan,Series
177,2008-06-08,2007-2008 Kitply Cup (v. Pakistan),Shere Bangla National Stadium,Pakistan won by 70 runs,Bangladesh,Series
178,2008-06-12,2007-2008 Kitply Cup (v. India),Shere Bangla National Stadium,India won by 7 wickets,Bangladesh,Series
179,2008-06-24,2007-2008 Asia Cup (v. United Arab Emirates),Gaddafi Stadium,Bangladesh won by 96 runs,Pakistan,2008 Asia Cup
180,2008-06-25,2007-2008 Asia Cup (v. Sri Lanka),Gaddafi Stadium,Sri Lanka won by 131 runs,Pakistan,2008 Asia Cup
181,2008-06-28,2007-2008 Asia Cup (v. India),National Stadium (Karachi),India won by 7 wickets,Pakistan,2008 Asia Cup
182,2008-06-30,2007-2008 Asia Cup (v. Sri Lanka),National Stadium (Karachi),Sri Lanka won by 158 runs,Pakistan,2008 Asia Cup
183,2008-07-04,2007-2008 Asia Cup (v. Pakistan),National Stadium (Karachi),Pakistan won by 10 wickets,Pakistan,2008 Asia Cup
184,2008-08-30,2008-2009 Australia v. Bangladesh,Marrara Cricket Ground,Australia won by 180 runs,Australia,Series
185,2008-09-02,2008-2009 Australia v. Bangladesh,Marrara Cricket Ground,Australia won by 8 wickets,Australia,Series
186,2008-09-06,2008-2009 Australia v. Bangladesh,Marrara Cricket Ground,Australia won by 73 runs,Australia,Series
187,2008-10-09,2008-2009 Bangladesh v. New Zealand,Shere Bangla National Stadium,Bangladesh won by 7 wickets,Bangladesh,Series
188,2008-10-11,2008-2009 Bangladesh v. New Zealand,Shere Bangla National Stadium,New Zealand won by 75 runs,Bangladesh,Series
189,2008-10-14,2008-2009 Bangladesh v. New Zealand,Zahur Ahmed Chowdhury Stadium,New Zealand won by 79 runs,Bangladesh,Series
190,2008-11-07,2008-2009 South Africa v. Bangladesh,Senwes Park,South Africa won by 61 runs,South Africa,Series
191,2008-11-09,2008-2009 South Africa v. Bangladesh,Willowmoore Park,South Africa won by 128 runs,South Africa,Series
192,2009-01-10,2008-2009 Bangladesh Tri-Series (v. Zimbabwe),Shere Bangla National Stadium,Zimbabwe won by 38 runs,Bangladesh,Series
193,2009-01-14,2008-2009 Bangladesh Tri-Series (v. Sri Lanka),Shere Bangla National Stadium,Bangladesh won by 5 wickets,Bangladesh,Series
194,2009-01-16,2008-2009 Bangladesh Tri-Series (v. Sri Lanka),Shere Bangla National Stadium,Sri Lanka won by 2 wickets,Bangladesh,Series
195,2009-01-19,2008-2009 Bangladesh v. Zimbabwe,Shere Bangla National Stadium,Zimbabwe won by 2 wickets,Bangladesh,Series
196,2009-01-21,2008-2009 Bangladesh v. Zimbabwe,Shere Bangla National Stadium,Bangladesh won by 6 wickets,Bangladesh,Series
197,2009-01-23,2008-2009 Bangladesh v. Zimbabwe,Shere Bangla National Stadium,Bangladesh won by 6 wickets,Bangladesh,Series
198,2009-07-26,2009-2010 West Indies v. Bangladesh,Windsor Park,Bangladesh won by 52 runs,West Indies,Series
199,2009-07-28,2009-2010 West Indies v. Bangladesh,Windsor Park,Bangladesh won by 3 wickets,West Indies,Series
200,2009-07-31,2009-2010 West Indies v. Bangladesh,Warner Park,Bangladesh won by 3 wickets,West Indies,Series
201,2009-08-09,2009-2010 Zimbabwe v. Bangladesh,Queens Sports Club,Bangladesh won by 8 wickets,Zimbabwe,Series
202,2009-08-11,2009-2010 Zimbabwe v. Bangladesh,Queens Sports Club,Bangladesh won by 49 runs,Zimbabwe,Series
203,2009-08-14,2009-2010 Zimbabwe v. Bangladesh,Queens Sports Club,Zimbabwe won by 69 runs,Zimbabwe,Series
204,2009-08-16,2009-2010 Zimbabwe v. Bangladesh,Queens Sports Club,Bangladesh won by 4 wickets,Zimbabwe,Series
205,2009-08-18,2009-2010 Zimbabwe v. Bangladesh,Queens Sports Club,Bangladesh won by 5 wickets,Zimbabwe,Series
206,2009-10-27,2009-2010 Bangladesh v. Zimbabwe,Shere Bangla National Stadium,Zimbabwe won by 5 wickets,Bangladesh,Series
207,2009-10-29,2009-2010 Bangladesh v. Zimbabwe,Shere Bangla National Stadium,Bangladesh won by 7 wickets,Bangladesh,Series
208,2009-10-31,2009-2010 Bangladesh v. Zimbabwe,Shere Bangla National Stadium,Bangladesh won by 4 wickets,Bangladesh,Series
209,2009-11-03,2009-2010 Bangladesh v. Zimbabwe,Zahur Ahmed Chowdhury Stadium,Bangladesh won by 6 wickets,Bangladesh,Series
210,2009-11-05,2009-2010 Bangladesh v. Zimbabwe,Zahur Ahmed Chowdhury Stadium,Bangladesh won by 1 wicket,Bangladesh,Series
211,2010-01-04,2009-2010 Tri Nation Tournament (v. Sri Lanka),Shere Bangla National Stadium,Sri Lanka won by 7 wickets,Bangladesh,Series
212,2010-01-07,2009-2010 Tri Nation Tournament (v. India),Shere Bangla National Stadium,India won by 6 wickets,Bangladesh,Series
213,2010-01-08,2009-2010 Tri Nation Tournament (v. Sri Lanka),Shere Bangla National Stadium,Sri Lanka won by 9 wickets,Bangladesh,Series
214,2010-01-11,2009-2010 Tri Nation Tournament (v. India),Shere Bangla National Stadium,India won by 6 wickets,Bangladesh,Series
215,2010-02-05,2009-2010 New Zealand v. Bangladesh,McLean Park,New Zealand won by 146 runs,New Zealand,Series
216,2010-02-08,2009-2010 New Zealand v. Bangladesh,University Oval,New Zealand won by 5 wickets,New Zealand,Series
217,2010-02-11,2009-2010 New Zealand v. Bangladesh,AMI Stadium,New Zealand won by 3 wickets,New Zealand,Series
218,2010-02-28,2009-2010 Bangladesh v. England,Shere Bangla National Stadium,England won by 6 wickets,Bangladesh,Series
219,2010-03-02,2009-2010 Bangladesh v. England,Shere Bangla National Stadium,England won by 2 wickets,Bangladesh,Series
220,2010-03-05,2009-2010 Bangladesh v. England,Zahur Ahmed Chowdhury Stadium,England won by 45 runs,Bangladesh,Series
221,2010-06-16,2009-2010 Asia Cup (v. India),Rangiri Dambulla International Stadium,India won by 6 wickets,Sri Lanka,2010 Asia Cup
222,2010-06-18,2009-2010 Asia Cup (v. Sri Lanka),Rangiri Dambulla International Stadium,Sri Lanka won by 126 runs,Sri Lanka,2010 Asia Cup
223,2010-06-21,2009-2010 Asia Cup (v. Pakistan),Rangiri Dambulla International Stadium,Pakistan won by 139 runs,Sri Lanka,2010 Asia Cup
224,2010-07-08,2010 England v. Bangladesh,Trent Bridge,England won by 6 wickets,England,Series
225,2010-07-10,2010 England v. Bangladesh,County Ground (Bristol),Bangladesh won by 5 runs,England,Series
226,2010-07-12,2010 England v. Bangladesh,Edgbaston,England won by 144 runs,England,Series
227,2010-07-15,2010 Ireland v. Bangladesh,Civil Service Cricket Club,Ireland won by 7 wickets,Ireland,Series
228,2010-07-16,2010 Ireland v. Bangladesh,Civil Service Cricket Club,Bangladesh won by 6 wickets,Ireland,Series
229,2010-07-20,2010-2011 Bangladesh v. Netherlands,Titwood,Netherlands won by 6 wickets,Scotland,Series
230,2010-10-05,2010-2011 Bangladesh v. New Zealand,Shere Bangla National Stadium,Bangladesh won by 9 runs,Bangladesh,Series
231,2010-10-11,2010-2011 Bangladesh v. New Zealand,Shere Bangla National Stadium,Bangladesh won by 7 wickets,Bangladesh,Series
232,2010-10-14,2010-2011 Bangladesh v. New Zealand,Shere Bangla National Stadium,Bangladesh won by 9 runs,Bangladesh,Series
233,2010-10-17,2010-2011 Bangladesh v. New Zealand,Shere Bangla National Stadium,Bangladesh won by 3 runs,Bangladesh,Series
234,2010-12-01,2010-2011 Bangladesh v. Zimbabwe,Shere Bangla National Stadium,Zimbabwe won by 9 runs,Bangladesh,Series
235,2010-12-03,2010-2011 Bangladesh v. Zimbabwe,Shere Bangla National Stadium,Bangladesh won by 6 wickets,Bangladesh,Series
236,2010-12-06,2010-2011 Bangladesh v. Zimbabwe,Shere Bangla National Stadium,Bangladesh won by 65 runs,Bangladesh,Series
237,2010-12-12,2010-2011 Bangladesh v. Zimbabwe,Zahur Ahmed Chowdhury Stadium,Bangladesh won by 6 wickets,Bangladesh,Series
238,2011-02-19,2010-2011 ICC World Cup (v. India),Shere Bangla National Stadium,India won by 87 runs,Bangladesh,2011 ICC World Cup
239,2011-02-25,2010-2011 ICC World Cup (v. Ireland),Shere Bangla National Stadium,Bangladesh won by 27 runs,Bangladesh,2011 ICC World Cup
240,2011-03-04,2010-2011 ICC World Cup (v. West Indies),Shere Bangla National Stadium,West Indies won by 9 wickets,Bangladesh,2011 ICC World Cup
241,2011-03-11,2010-2011 ICC World Cup (v. England),Zahur Ahmed Chowdhury Stadium,Bangladesh won by 2 wickets,Bangladesh,2011 ICC World Cup
242,2011-03-14,2010-2011 ICC World Cup (v. Netherlands),Zahur Ahmed Chowdhury Stadium,Bangladesh won by 6 wickets,Bangladesh,2011 ICC World Cup
243,2011-03-19,2010-2011 ICC World Cup (v. South Africa),Shere Bangla National Stadium,South Africa won by 206 runs,Bangladesh,2011 ICC World Cup
244,2011-04-09,2010-2011 Bangladesh v. Australia,Shere Bangla National Stadium,Australia won by 60 runs,Bangladesh,Series
245,2011-04-11,2010-2011 Bangladesh v. Australia,Shere Bangla National Stadium,Australia won by 9 wickets,Bangladesh,Series
246,2011-04-13,2010-2011 Bangladesh v. Australia,Shere Bangla National Stadium,Australia won by 66 runs,Bangladesh,Series
247,2011-08-12,2011-2012 Zimbabwe v. Bangladesh,Harare Sports Club,Zimbabwe won by 4 wickets,Zimbabwe,Series
248,2011-08-14,2011-2012 Zimbabwe v. Bangladesh,Harare Sports Club,Zimbabwe won by 7 wickets,Zimbabwe,Series
249,2011-08-16,2011-2012 Zimbabwe v. Bangladesh,Harare Sports Club,Zimbabwe won by 5 runs,Zimbabwe,Series
250,2011-08-19,2011-2012 Zimbabwe v. Bangladesh,Queens Sports Club,Bangladesh won by 6 wickets,Zimbabwe,Series
251,2011-08-21,2011-2012 Zimbabwe v. Bangladesh,Queens Sports Club,Bangladesh won by 93 runs,Zimbabwe,Series
252,2011-10-13,2011-2012 Bangladesh v. West Indies,Shere Bangla National Stadium,West Indies won by 40 runs,Bangladesh,Series
253,2011-10-15,2011-2012 Bangladesh v. West Indies,Shere Bangla National Stadium,West Indies won by 8 wickets,Bangladesh,Series
254,2011-10-18,2011-2012 Bangladesh v. West Indies,Zahur Ahmed Chowdhury Stadium,Bangladesh won by 8 wickets,Bangladesh,Series
255,2011-12-01,2011-2012 Bangladesh v. Pakistan,Shere Bangla National Stadium,Pakistan won by 5 wickets,Bangladesh,Series
256,2011-12-03,2011-2012 Bangladesh v. Pakistan,Shere Bangla National Stadium,Pakistan won by 76 runs,Bangladesh,Series
257,2011-12-06,2011-2012 Bangladesh v. Pakistan,Zahur Ahmed Chowdhury Stadium,Pakistan won by 58 runs,Bangladesh,Series
258,2012-03-11,2011-2012 Asia Cup (v. Pakistan),Shere Bangla National Stadium,Pakistan won by 21 runs,Bangladesh,2012 Asia Cup
259,2012-03-16,2011-2012 Asia Cup (v. India),Shere Bangla National Stadium,Bangladesh won by 5 wickets,Bangladesh,2012 Asia Cup
260,2012-03-20,2011-2012 Asia Cup (v. Sri Lanka),Shere Bangla National Stadium,Bangladesh won by 5 wickets,Bangladesh,2012 Asia Cup
261,2012-03-22,2011-2012 Asia Cup (v. Pakistan),Shere Bangla National Stadium,Pakistan won by 2 runs,Bangladesh,2012 Asia Cup
262,2012-11-30,2012-2013 Bangladesh v. West Indies,Sheikh Abu Naser Stadium,Bangladesh won by 7 wickets,Bangladesh,Series
263,2012-12-02,2012-2013 Bangladesh v. West Indies,Sheikh Abu Naser Stadium,Bangladesh won by 160 runs,Bangladesh,Series
264,2012-12-05,2012-2013 Bangladesh v. West Indies,Shere Bangla National Stadium,West Indies won by 4 wickets,Bangladesh,Series
265,2012-12-07,2012-2013 Bangladesh v. West Indies,Shere Bangla National Stadium,West Indies won by 75 runs,Bangladesh,Series
266,2012-12-08,2012-2013 Bangladesh v. West Indies,Shere Bangla National Stadium,Bangladesh won by 2 wickets,Bangladesh,Series
267,2013-03-23,2012-2013 Sri Lanka v. Bangladesh,Mahinda Rajapaksha International Cricket Stadium,Sri Lanka won by 8 wickets,Sri Lanka,Series
268,2013-03-25,2012-2013 Sri Lanka v. Bangladesh,Mahinda Rajapaksha International Cricket Stadium,No Result,Sri Lanka,Series
269,2013-03-28,2012-2013 Sri Lanka v. Bangladesh,Pallekele International Cricket Stadium,Bangladesh won by 3 wickets,Sri Lanka,Series
270,2013-05-03,2012-2013 Zimbabwe v. Bangladesh,Queens Sports Club,Bangladesh won by 121 runs,Zimbabwe,Series
271,2013-05-05,2012-2013 Zimbabwe v. Bangladesh,Queens Sports Club,Zimbabwe won by 6 wickets,Zimbabwe,Series
272,2013-05-08,2012-2013 Zimbabwe v. Bangladesh,Queens Sports Club,Zimbabwe won by 7 wickets,Zimbabwe,Series
273,2013-10-29,2013-2014 Bangladesh v. New Zealand,Shere Bangla National Stadium,Bangladesh won by 43 runs,Bangladesh,Series
274,2013-10-31,2013-2014 Bangladesh v. New Zealand,Shere Bangla National Stadium,Bangladesh won by 40 runs,Bangladesh,Series
275,2013-11-03,2013-2014 Bangladesh v. New Zealand,Khan Shaheb Osman Ali Stadium,Bangladesh won by 4 wickets,Bangladesh,Series
276,2014-02-17,2013-2014 Bangladesh v. Sri Lanka,Shere Bangla National Stadium,Sri Lanka won by 13 runs,Bangladesh,Series
277,2014-02-20,2013-2014 Bangladesh v. Sri Lanka,Shere Bangla National Stadium,Sri Lanka won by 61 runs,Bangladesh,Series
278,2014-02-22,2013-2014 Bangladesh v. Sri Lanka,Shere Bangla National Stadium,Sri Lanka won by 6 wickets,Bangladesh,Series
279,2014-02-26,2013-2014 Asia Cup (v. India),Khan Shaheb Osman Ali Stadium,India won by 6 wickets,Bangladesh,2014 Asia Cup
280,2014-03-01,2013-2014 Asia Cup (v. Afghanistan),Khan Shaheb Osman Ali Stadium,Afghanistan won by 32 runs,Bangladesh,2014 Asia Cup
281,2014-03-04,2013-2014 Asia Cup (v. Pakistan),Shere Bangla National Stadium,Pakistan won by 3 wickets,Bangladesh,2014 Asia Cup
282,2014-03-06,2013-2014 Asia Cup (v. Sri Lanka),Shere Bangla National Stadium,Sri Lanka won by 3 wickets,Bangladesh,2014 Asia Cup
283,2014-06-15,2013-2014 Bangladesh v. India,Shere Bangla National Stadium,India won by 7 wickets,Bangladesh,Series
284,2014-06-17,2013-2014 Bangladesh v. India,Shere Bangla National Stadium,India won by 47 runs,Bangladesh,Series
285,2014-06-19,2013-2014 Bangladesh v. India,Shere Bangla National Stadium,No Result,Bangladesh,Series
286,2014-08-20,2014-2015 West Indies v. Bangladesh,National Cricket Stadium (Grenada),West Indies won by 3 wickets,West Indies,Series
287,2014-08-22,2014-2015 West Indies v. Bangladesh,National Cricket Stadium (Grenada),West Indies won by 177 runs,West Indies,Series
288,2014-08-25,2014-2015 West Indies v. Bangladesh,Warner Park,West Indies won by 91 runs,West Indies,Series
289,2014-11-21,2014-2015 Bangladesh v. Zimbabwe,Zahur Ahmed Chowdhury Stadium,Bangladesh won by 87 runs,Bangladesh,Series
290,2014-11-23,2014-2015 Bangladesh v. Zimbabwe,Zahur Ahmed Chowdhury Stadium,Bangladesh won by 68 runs,Bangladesh,Series
291,2014-11-26,2014-2015 Bangladesh v. Zimbabwe,Shere Bangla National Stadium,Bangladesh won by 124 runs,Bangladesh,Series
292,2014-11-28,2014-2015 Bangladesh v. Zimbabwe,Shere Bangla National Stadium,Bangladesh won by 21 runs,Bangladesh,Series
293,2014-12-01,2014-2015 Bangladesh v. Zimbabwe,Shere Bangla National Stadium,Bangladesh won by 5 wickets,Bangladesh,Series
294,2015-02-18,2014-2015 ICC World Cup (v. Afghanistan),Manuka Oval,Bangladesh won by 105 runs,Australia,2015 ICC World Cup
295,2015-02-26,2014-2015 ICC World Cup (v. Sri Lanka),Melbourne Cricket Ground,Sri Lanka won by 92 runs,Australia,2015 ICC World Cup
296,2015-03-04,2014-2015 ICC World Cup (v. Scotland),Saxton Oval,Bangladesh won by 6 wickets,New Zealand,2015 ICC World Cup
297,2015-03-09,2014-2015 ICC World Cup (v. England),Adelaide Oval,Bangladesh won by 15 runs,Australia,2015 ICC World Cup
298,2015-03-13,2014-2015 ICC World Cup (v. New Zealand),Seddon Park,New Zealand won by 3 wickets,New Zealand,2015 ICC World Cup
299,2015-03-19,2014-2015 ICC World Cup (v. India),Melbourne Cricket Ground,India won by 109 runs,Australia,2015 ICC World Cup
300,2015-04-17,2014-2015 Bangladesh v. Pakistan,Shere Bangla National Stadium,Bangladesh won by 79 runs,Bangladesh,Series
301,2015-04-19,2014-2015 Bangladesh v. Pakistan,Shere Bangla National Stadium,Bangladesh won by 7 wickets,Bangladesh,Series
302,2015-04-22,2014-2015 Bangladesh v. Pakistan,Shere Bangla National Stadium,Bangladesh won by 8 wickets,Bangladesh,Series
303,2015-06-18,2014-2015 Bangladesh v. India,Shere Bangla National Stadium,Bangladesh won by 79 runs,Bangladesh,Series
304,2015-06-21,2014-2015 Bangladesh v. India,Shere Bangla National Stadium,Bangladesh won by 6 wickets,Bangladesh,Series
305,2015-06-24,2014-2015 Bangladesh v. India,Shere Bangla National Stadium,India won by 77 runs,Bangladesh,Series
306,2015-07-10,2015-2016 Bangladesh v. South Africa,Shere Bangla National Stadium,South Africa won by 8 wickets,Bangladesh,Series
307,2015-07-12,2015-2016 Bangladesh v. South Africa,Shere Bangla National Stadium,Bangladesh won by 7 wickets,Bangladesh,Series
308,2015-07-15,2015-2016 Bangladesh v. South Africa,Zahur Ahmed Chowdhury Stadium,Bangladesh won by 9 wickets,Bangladesh,Series
309,2015-11-07,2015-2016 Bangladesh v. Zimbabwe,Shere Bangla National Stadium,Bangladesh won by 145 runs,Bangladesh,Series
310,2015-11-09,2015-2016 Bangladesh v. Zimbabwe,Shere Bangla National Stadium,Bangladesh won by 58 runs,Bangladesh,Series
311,2015-11-11,2015-2016 Bangladesh v. Zimbabwe,Shere Bangla National Stadium,Bangladesh won by 61 runs,Bangladesh,Series
312,2016-09-25,2016-2017 Bangladesh v. Afghanistan,Shere Bangla National Stadium,Bangladesh won by 7 runs,Bangladesh,Series
313,2016-09-28,2016-2017 Bangladesh v. Afghanistan,Shere Bangla National Stadium,Afghanistan won by 2 wickets,Bangladesh,Series
314,2016-10-01,2016-2017 Bangladesh v. Afghanistan,Shere Bangla National Stadium,Bangladesh won by 141 runs,Bangladesh,Series
315,2016-10-07,2016-2017 Bangladesh v. England,Shere Bangla National Stadium,England won by 21 runs,Bangladesh,Series
316,2016-10-09,2016-2017 Bangladesh v. England,Shere Bangla National Stadium,Bangladesh won by 34 runs,Bangladesh,Series
317,2016-10-12,2016-2017 Bangladesh v. England,Zahur Ahmed Chowdhury Stadium,England won by 4 wickets,Bangladesh,Series
318,2016-12-26,2016-2017 New Zealand v. Bangladesh,Hagley Oval,New Zealand won by 77 runs,New Zealand,Series
319,2016-12-29,2016-2017 New Zealand v. Bangladesh,Saxton Oval,New Zealand won by 67 runs,New Zealand,Series
320,2016-12-31,2016-2017 New Zealand v. Bangladesh,Saxton Oval,New Zealand won by 8 wickets,New Zealand,Series
321,2017-03-25,2016-2017 Sri Lanka v. Bangladesh,Rangiri Dambulla International Stadium,Bangladesh won by 90 runs,Sri Lanka,Series
322,2017-03-28,2016-2017 Sri Lanka v. Bangladesh,Rangiri Dambulla International Stadium,No Result,Sri Lanka,Series
323,2017-04-01,2016-2017 Sri Lanka v. Bangladesh,Sinhalese Sports Club Ground,Sri Lanka won by 70 runs,Sri Lanka,Series
324,2017-05-12,2017 Ireland Tri-Nation Series (v. Ireland),The Village,No Result,Ireland,Series
325,2017-05-17,2017 Ireland Tri-Nation Series (v. New Zealand),Castle Avenue,New Zealand won by 4 wickets,Ireland,Series
326,2017-05-19,2017 Ireland Tri-Nation Series (v. Ireland),The Village,Bangladesh won by 8 wickets,Ireland,Series
327,2017-05-24,2017 Ireland Tri-Nation Series (v. New Zealand),Castle Avenue,Bangladesh won by 5 wickets,Ireland,Series
328,2017-06-01,2017 ICC Champions Trophy (v. England),Kennington Oval,England won by 8 wickets,England,2017 ICC Champions Trophy
329,2017-06-05,2017 ICC Champions Trophy (v. Australia),Kennington Oval,No Result,England,2017 ICC Champions Trophy
330,2017-06-09,2017 ICC Champions Trophy (v. New Zealand),Sophia Gardens,Bangladesh won by 5 wickets,Wales,2017 ICC Champions Trophy
331,2017-06-15,2017 ICC Champions Trophy (v. India),Edgbaston,India won by 9 wickets,England,2017 ICC Champions Trophy
332,2017-10-15,2017-2018 South Africa v. Bangladesh,Diamond Oval,South Africa won by 10 wickets,South Africa,Series
333,2017-10-18,2017-2018 South Africa v. Bangladesh,Boland Park,South Africa won by 104 runs,South Africa,Series
334,2017-10-22,2017-2018 South Africa v. Bangladesh,Buffalo Park,South Africa won by 200 runs,South Africa,Series
335,2018-01-15,2017-2018 Bangladesh Tri-Nation Series (v. Zimbabwe),Shere Bangla National Stadium,Bangladesh won by 8 wickets,Bangladesh,Series
336,2018-01-19,2017-2018 Bangladesh Tri-Nation Series (v. Sri Lanka),Shere Bangla National Stadium,Bangladesh won by 163 runs,Bangladesh,Series
337,2018-01-23,2017-2018 Bangladesh Tri-Nation Series (v. Zimbabwe),Shere Bangla National Stadium,Bangladesh won by 91 runs,Bangladesh,Series
338,2018-01-25,2017-2018 Bangladesh Tri-Nation Series (v. Sri Lanka),Shere Bangla National Stadium,Sri Lanka won by 10 wickets,Bangladesh,Series
339,2018-01-27,2017-2018 Bangladesh Tri-Nation Series (v. Sri Lanka),Shere Bangla National Stadium,Sri Lanka won by 79 runs,Bangladesh,Series
340,2018-07-22,2018-2019 West Indies v. Bangladesh,Providence Stadium,Bangladesh won by 48 runs,West Indies,Series
341,2018-07-25,2018-2019 West Indies v. Bangladesh,Providence Stadium,West Indies won by 3 runs,West Indies,Series
342,2018-07-28,2018-2019 West Indies v. Bangladesh,Warner Park,Bangladesh won by 18 runs,West Indies,Series
343,2018-09-15,2018-2019 Asia Cup (v. Sri Lanka),Dubai International Cricket Stadium,Bangladesh won by 137 runs,United Arab Emirates,2019 Asia Cup
344,2018-09-20,2018-2019 Asia Cup (v. Afghanistan),Sheikh Zayed Stadium,Afghanistan won by 136 runs,United Arab Emirates,2019 Asia Cup
345,2018-09-21,2018-2019 Asia Cup (v. India),Dubai International Cricket Stadium,India won by 7 wickets,United Arab Emirates,2019 Asia Cup
346,2018-09-23,2018-2019 Asia Cup (v. Afghanistan),Sheikh Zayed Stadium,Bangladesh won by 3 runs,United Arab Emirates,2019 Asia Cup
347,2018-09-26,2018-2019 Asia Cup (v. Pakistan),Sheikh Zayed Stadium,Bangladesh won by 37 runs,United Arab Emirates,2019 Asia Cup
348,2018-09-28,2018-2019 Asia Cup (v. India),Dubai International Cricket Stadium,India won by 3 wickets,United Arab Emirates,2019 Asia Cup
349,2018-10-21,2018-2019 Bangladesh v. Zimbabwe,Shere Bangla National Stadium,Bangladesh won by 28 runs,Bangladesh,Series
350,2018-10-24,2018-2019 Bangladesh v. Zimbabwe,Zahur Ahmed Chowdhury Stadium,Bangladesh won by 7 wickets,Bangladesh,Series
351,2018-10-26,2018-2019 Bangladesh v. Zimbabwe,Zahur Ahmed Chowdhury Stadium,Bangladesh won by 7 wickets,Bangladesh,Series
352,2018-12-09,2018-2019 Bangladesh v. West Indies,Shere Bangla National Stadium,Bangladesh won by 5 wickets,Bangladesh,Series
353,2018-12-11,2018-2019 Bangladesh v. West Indies,Shere Bangla National Stadium,West Indies won by 4 wickets,Bangladesh,Series
354,2018-12-14,2018-2019 Bangladesh v. West Indies,Sylhet Stadium,Bangladesh won by 8 wickets,Bangladesh,Series
355,2019-02-13,2018-2019 New Zealand v. Bangladesh,McLean Park,New Zealand won by 8 wickets,New Zealand,Series
356,2019-02-16,2018-2019 New Zealand v. Bangladesh,Hagley Oval,New Zealand won by 8 wickets,New Zealand,Series
357,2019-02-20,2018-2019 New Zealand v. Bangladesh,University Oval,New Zealand won by 88 runs,New Zealand,Series
358,2019-05-07,2018-2019 Ireland Tri-Nation Series (v. West Indies),Castle Avenue,Bangladesh won by 8 wickets,Ireland,Series
359,2019-05-13,2018-2019 Ireland Tri-Nation Series (v. West Indies),The Village,Bangladesh won by 5 wickets,Ireland,Series
360,2019-05-15,2018-2019 Ireland Tri-Nation Series (v. Ireland),Castle Avenue,Bangladesh won by 6 wickets,Ireland,Series
361,2019-05-17,2018-2019 Ireland Tri-Nation Series (v. West Indies),The Village,Bangladesh won by 5 wickets,Ireland,Series
362,2019-06-02,2019 ICC World Cup (v. South Africa),Kennington Oval,Bangladesh won by 21 runs,England,2019 ICC World Cup
363,2019-06-05,2019 ICC World Cup (v. New Zealand),Kennington Oval,New Zealand won by 2 wickets,England,2019 ICC World Cup
364,2019-06-08,2019 ICC World Cup (v. England),Sophia Gardens,England won by 106 runs,Wales,2019 ICC World Cup
365,2019-06-17,2019 ICC World Cup (v. West Indies),The Cooper Associates County Ground,Bangladesh won by 7 wickets,England,2019 ICC World Cup
366,2019-06-20,2019 ICC World Cup (v. Australia),Trent Bridge,Australia won by 48 runs,England,2019 ICC World Cup
367,2019-06-24,2019 ICC World Cup (v. Afghanistan),The Rose Bowl,Bangladesh won by 62 runs,England,2019 ICC World Cup
368,2019-07-02,2019 ICC World Cup (v. India),Edgbaston,India won by 28 runs,England,2019 ICC World Cup
369,2019-07-05,2019 ICC World Cup (v. Pakistan),Lord's,Pakistan won by 94 runs,England,2019 ICC World Cup
370,2019-07-26,2019 Sri Lanka v. Bangladesh,R Premadasa Stadium,Sri Lanka won by 91 runs,Sri Lanka,Series
371,2019-07-28,2019 Sri Lanka v. Bangladesh,R Premadasa Stadium,Sri Lanka won by 7 wickets,Sri Lanka,Series
372,2019-07-31,2019 Sri Lanka v. Bangladesh,R Premadasa Stadium,Sri Lanka won by 122 runs,Sri Lanka,Series
373,2020-03-01,2019-2020 Bangladesh v. Zimbabwe,Sylhet Stadium,Bangladesh won by 169 runs,Bangladesh,Series
374,2020-03-03,2019-2020 Bangladesh v. Zimbabwe,Sylhet Stadium,Bangladesh won by 4 runs,Bangladesh,Series
375,2020-03-06,2019-2020 Bangladesh v. Zimbabwe,Sylhet Stadium,Bangladesh won by 123 runs,Bangladesh,Series
376,2021-01-20,2020-2021 Bangladesh v. West Indies,Shere Bangla National Stadium,Bangladesh won by 6 wickets,Bangladesh,Series
377,2021-01-22,2020-2021 Bangladesh v. West Indies,Shere Bangla National Stadium,Bangladesh won by 7 wickets,Bangladesh,Series
378,2021-01-25,2020-2021 Bangladesh v. West Indies,Zahur Ahmed Chowdhury Stadium,Bangladesh won by 120 runs,Bangladesh,Series
379,2021-03-20,2020-2021 New Zealand v. Bangladesh,University Oval,New Zealand won by 8 wickets,New Zealand,Series
380,2021-03-23,2020-2021 New Zealand v. Bangladesh,Hagley Oval,New Zealand won by 5 wickets,New Zealand,Series
381,2021-03-26,2020-2021 New Zealand v. Bangladesh,Basin Reserve,New Zealand won by 164 runs,New Zealand,Series
382,2021-05-23,2020-2021 Bangladesh v. Sri Lanka,Shere Bangla National Stadium,Bangladesh won by 33 runs,Bangladesh,Series
383,2021-05-25,2020-2021 Bangladesh v. Sri Lanka,Shere Bangla National Stadium,Bangladesh won by 103 runs,Bangladesh,Series
384,2021-05-28,2020-2021 Bangladesh v. Sri Lanka,Shere Bangla National Stadium,Sri Lanka won by 97 runs,Bangladesh,Series
385,2021-07-16,2021-2022 Zimbabwe v. Bangladesh,Harare Sports Club,Bangladesh won by 155 runs,Zimbabwe,Series
386,2021-07-18,2021-2022 Zimbabwe v. Bangladesh,Harare Sports Club,Bangladesh won by 3 wickets,Zimbabwe,Series
387,2021-07-20,2021-2022 Zimbabwe v. Bangladesh,Harare Sports Club,Bangladesh won by 5 wickets,Zimbabwe,Series
388,2022-02-23,2021-2022 Bangladesh v. Afghanistan,Zahur Ahmed Chowdhury Stadium,Bangladesh won by 4 wickets,Bangladesh,Series
389,2022-02-25,2021-2022 Bangladesh v. Afghanistan,Zahur Ahmed Chowdhury Stadium,Bangladesh won by 88 runs,Bangladesh,Series
390,2022-02-28,2021-2022 Bangladesh v. Afghanistan,Zahur Ahmed Chowdhury Stadium,Afghanistan won by 7 wickets,Bangladesh,Series
391,2022-03-18,2021-2022 South Africa v. Bangladesh,SuperSport Park,Bangladesh won by 38 runs,South Africa,Series
392,2022-03-20,2021-2022 South Africa v. Bangladesh,Wanderers Stadium,South Africa won by 7 wickets,South Africa,Series
393,2022-03-23,2021-2022 South Africa v. Bangladesh,SuperSport Park,Bangladesh won by 9 wickets,South Africa,Series
394,2022-07-10,2022 West Indies v. Bangladesh,Providence Stadium,Bangladesh won by 6 wickets,West Indies,Series
395,2022-07-13,2022 West Indies v. Bangladesh,Providence Stadium,Bangladesh won by 9 wickets,West Indies,Series
396,2022-07-16,2022 West Indies v. Bangladesh,Providence Stadium,Bangladesh won by 4 wickets,West Indies,Series
397,2022-08-05,2022 Zimbabwe v. Bangladesh,Harare Sports Club,Zimbabwe won by 5 wickets,Zimbabwe,Series
398,2022-08-07,2022 Zimbabwe v. Bangladesh,Harare Sports Club,Zimbabwe won by 5 wickets,Zimbabwe,Series
399,2022-08-10,2022 Zimbabwe v. Bangladesh,Harare Sports Club,Bangladesh won by 105 runs,Zimbabwe,Series
400,2022-12-04,2022-2023 Bangladesh v. India,Shere Bangla National Stadium,Bangladesh won by 1 wicket,Bangladesh,Series
401,2022-12-07,2022-2023 Bangladesh v. India,Shere Bangla National Stadium,Bangladesh won by 5 runs,Bangladesh,Series
402,2022-12-10,2022-2023 Bangladesh v. India,Zahur Ahmed Chowdhury Stadium,India won by 227 runs,Bangladesh,Series
