No. of Match,Date,Opponent,Tournament Name,Stadium,Host,Result,Match Type,Winner,Margin,H/A,W,L,W-L%,Year,Month,Day
0,1986-03-31,Pakistan,1985-1986 John Player Gold Leaf Trophy (v. Pakistan),Tyronne Fernando Stadium,Sri Lanka,Pakistan won by 7 wickets,Series,Pakistan,7 wickets,Away,0.0,1.0,0.0,1986,3,31
1,1986-04-02,Sri Lanka,1985-1986 John Player Gold Leaf Trophy (v. Sri Lanka),Asgiriya Stadium,Sri Lanka,Sri Lanka won by 7 wickets,Series,Sri Lanka,7 wickets,Away,0.0,1.0,0.0,1986,4,2
2,1988-10-27,India,1988-1989 Wills Asia Cup (v. India),MA Aziz Stadium,Bangladesh,India won by 9 wickets,Asia Cup,India,9 wickets,Home,0.0,1.0,0.0,1988,10,27
3,1988-10-29,Pakistan,1988-1989 Wills Asia Cup (v. Pakistan),MA Aziz Stadium,Bangladesh,Pakistan won by 173 runs,Asia Cup,Pakistan,173 runs,Home,0.0,1.0,0.0,1988,10,29
4,1988-11-02,Sri Lanka,1988-1989 Wills Asia Cup (v. Sri Lanka),Bangabandhu National Stadium,Bangladesh,Sri Lanka won by 9 wickets,Asia Cup,Sri Lanka,9 wickets,Home,0.0,1.0,0.0,1988,11,2
5,1990-04-28,New Zealand,1989-1990 Austral-Asia Cup (v. New Zealand),Sharjah Cricket Stadium,United Arab Emirates,New Zealand won by 161 runs,Asia Cup,New Zealand,161 runs,Away,0.0,1.0,0.0,1990,4,28
6,1990-04-30,Australia,1989-1990 Austral-Asia Cup (v. Australia),Sharjah Cricket Stadium,United Arab Emirates,Australia won by 7 wickets,Asia Cup,Australia,7 wickets,Away,0.0,1.0,0.0,1990,4,30
7,1990-12-25,India,1990-1991 Asia Cup (v. India),Sector 16 Stadium,India,India won by 9 wickets,Asia Cup,India,9 wickets,Away,0.0,1.0,0.0,1990,12,25
8,1990-12-31,Sri Lanka,1990-1991 Asia Cup (v. Sri Lanka),Eden Gardens,India,Sri Lanka won by 71 runs,Asia Cup,Sri Lanka,71 runs,Away,0.0,1.0,0.0,1990,12,31
9,1995-04-05,India,1994-1995 Pepsi Asia Cup (v. India),Sharjah Cricket Stadium,United Arab Emirates,India won by 9 wickets,Asia Cup,India,9 wickets,Away,0.0,1.0,0.0,1995,4,5
10,1995-04-06,Sri Lanka,1994-1995 Pepsi Asia Cup (v. Sri Lanka),Sharjah Cricket Stadium,United Arab Emirates,Sri Lanka won by 107 runs,Asia Cup,Sri Lanka,107 runs,Away,0.0,1.0,0.0,1995,4,6
11,1995-04-08,Pakistan,1994-1995 Pepsi Asia Cup (v. Pakistan),Sharjah Cricket Stadium,United Arab Emirates,Pakistan won by 6 wickets,Asia Cup,Pakistan,6 wickets,Away,0.0,1.0,0.0,1995,4,8
12,1997-07-16,Pakistan,1997-1998 Pepsi Asia Cup (v. Pakistan),R Premadasa Stadium,Sri Lanka,Pakistan won by 109 runs,Asia Cup,Pakistan,109 runs,Away,0.0,1.0,0.0,1997,7,16
13,1997-07-22,Sri Lanka,1997-1998 Pepsi Asia Cup (v. Sri Lanka),Sinhalese Sports Club Ground,Sri Lanka,Sri Lanka won by 103 runs,Asia Cup,Sri Lanka,103 runs,Away,0.0,1.0,0.0,1997,7,22
14,1997-07-24,India,1997-1998 Pepsi Asia Cup (v. India),Sinhalese Sports Club Ground,Sri Lanka,India won by 9 wickets,Asia Cup,India,9 wickets,Away,0.0,1.0,0.0,1997,7,24
15,1997-10-10,Kenya,1997-1998 President's Cup (v. Kenya),Gymkhana Club Ground,Kenya,Kenya won by 150 runs,Series,Kenya,150 runs,Away,0.0,1.0,0.0,1997,10,10
16,1997-10-11,Zimbabwe,1997-1998 President's Cup (v. Zimbabwe),Gymkhana Club Ground,Kenya,Zimbabwe won by 48 runs,Series,Zimbabwe,48 runs,Away,0.0,1.0,0.0,1997,10,11
17,1997-10-14,Zimbabwe,1997-1998 President's Cup (v. Zimbabwe),Aga Khan Sports Club Ground,Kenya,Zimbabwe won by 192 runs,Series,Zimbabwe,192 runs,Away,0.0,1.0,0.0,1997,10,14
18,1997-10-15,Kenya,1997-1998 President's Cup (v. Kenya),Aga Khan Sports Club Ground,Kenya,Kenya won by 8 wickets,Series,Kenya,8 wickets,Away,0.0,1.0,0.0,1997,10,15
19,1998-01-10,India,1997-1998 Silver Jubilee Independence Cup (v. India),Bangabandhu National Stadium,Bangladesh,India won by 4 wickets,Series,India,4 wickets,Home,0.0,1.0,0.0,1998,1,10
20,1998-01-12,Pakistan,1997-1998 Silver Jubilee Independence Cup (v. Pakistan),Bangabandhu National Stadium,Bangladesh,Pakistan won by 9 wickets,Series,Pakistan,9 wickets,Home,0.0,1.0,0.0,1998,1,12
21,1998-05-14,India,1997-1998 Coca-Cola Triangular Series (v. India),Punjab Cricket Association IS Bindra Stadium,India,India won by 5 wickets,Series,India,5 wickets,Away,0.0,1.0,0.0,1998,5,14
22,1998-05-17,Kenya,1997-1998 Coca-Cola Triangular Series (v. Kenya),Lal Bahadur Shastri Stadium,India,Bangladesh won by 6 wickets,Series,Bangladesh,6 wickets,Away,1.0,0.0,100.0,1998,5,17
23,1998-05-23,Kenya,1997-1998 Coca-Cola Triangular Series (v. Kenya),MA Chidambaram Stadium,India,Kenya won by 28 runs,Series,Kenya,28 runs,Away,0.0,1.0,0.0,1998,5,23
24,1998-05-25,India,1997-1998 Coca-Cola Triangular Series (v. India),Wankhede Stadium,India,India won by 5 wickets,Series,India,5 wickets,Away,0.0,1.0,0.0,1998,5,25
25,1999-03-16,Pakistan,1998-1999 Bangladesh v. Pakistan,Bangabandhu National Stadium,Bangladesh,Pakistan won by 152 runs,Series,Pakistan,152 runs,Home,0.0,1.0,0.0,1999,3,16
26,1999-03-20,Kenya,1998-1999 Meril International Tournament (v. Kenya),Bangabandhu National Stadium,Bangladesh,Kenya won by 8 wickets,Series,Kenya,8 wickets,Home,0.0,1.0,0.0,1999,3,20
27,1999-03-21,Zimbabwe,1998-1999 Meril International Tournament (v. Zimbabwe),Bangabandhu National Stadium,Bangladesh,Zimbabwe won by 126 runs,Series,Zimbabwe,126 runs,Home,0.0,1.0,0.0,1999,3,21
28,1999-03-24,Kenya,1998-1999 Meril International Tournament (v. Kenya),Bangabandhu National Stadium,Bangladesh,Kenya won by 73 runs,Series,Kenya,73 runs,Home,0.0,1.0,0.0,1999,3,24
29,1999-03-25,Zimbabwe,1998-1999 Meril International Tournament (v. Zimbabwe),Bangabandhu National Stadium,Bangladesh,Zimbabwe won by 3 wickets,Series,Zimbabwe,3 wickets,Home,0.0,1.0,0.0,1999,3,25
30,1999-05-17,New Zealand,1999 ICC World Cup (v. New Zealand),County Ground (Chelmsford),England,New Zealand won by 6 wickets,ICC World Cup,New Zealand,6 wickets,Away,0.0,1.0,0.0,1999,5,17
31,1999-05-21,West Indies,1999 ICC World Cup (v. West Indies),Castle Avenue,Ireland,West Indies won by 7 wickets,ICC World Cup,West Indies,7 wickets,Away,0.0,1.0,0.0,1999,5,21
32,1999-05-24,Scotland,1999 ICC World Cup (v. Scotland),Grange Cricket Club,Scotland,Bangladesh won by 22 runs,ICC World Cup,Bangladesh,22 runs,Away,1.0,0.0,100.0,1999,5,24
33,1999-05-27,Australia,1999 ICC World Cup (v. Australia),Riverside Ground,England,Australia won by 7 wickets,ICC World Cup,Australia,7 wickets,Away,0.0,1.0,0.0,1999,5,27
34,1999-05-31,Pakistan,1999 ICC World Cup (v. Pakistan),County Ground (Northampton),England,Bangladesh won by 62 runs,ICC World Cup,Bangladesh,62 runs,Away,1.0,0.0,100.0,1999,5,31
35,1999-10-08,West Indies,1999-2000 Bangladesh v. West Indies,Bangabandhu National Stadium,Bangladesh,West Indies won by 73 runs,Series,West Indies,73 runs,Home,0.0,1.0,0.0,1999,10,8
36,1999-10-09,West Indies,1999-2000 Bangladesh v. West Indies,Bangabandhu National Stadium,Bangladesh,West Indies won by 109 runs,Series,West Indies,109 runs,Home,0.0,1.0,0.0,1999,10,9
37,2000-05-29,Sri Lanka,1999-2000 Asia Cup (v. Sri Lanka),Bangabandhu National Stadium,Bangladesh,Sri Lanka won by 9 wickets,Asia Cup,Sri Lanka,9 wickets,Home,0.0,1.0,0.0,2000,5,29
38,2000-05-30,India,1999-2000 Asia Cup (v. India),Bangabandhu National Stadium,Bangladesh,India won by 8 wickets,Asia Cup,India,8 wickets,Home,0.0,1.0,0.0,2000,5,30
39,2000-06-02,Pakistan,1999-2000 Asia Cup (v. Pakistan),Bangabandhu National Stadium,Bangladesh,Pakistan won by 233 runs,Asia Cup,Pakistan,233 runs,Home,0.0,1.0,0.0,2000,6,2
40,2000-10-05,England,2000-2001 ICC Knock-Out (v. England),Gymkhana Club Ground,Kenya,England won by 8 wickets,ICC Champions Trophy,England,8 wickets,Away,0.0,1.0,0.0,2000,10,5
41,2001-04-07,Zimbabwe,2000-2001 Zimbabwe v. Bangladesh,Harare Sports Club,Zimbabwe,Zimbabwe won by 7 wickets,Series,Zimbabwe,7 wickets,Away,0.0,1.0,0.0,2001,4,7
42,2001-04-08,Zimbabwe,2000-2001 Zimbabwe v. Bangladesh,Harare Sports Club,Zimbabwe,Zimbabwe won by 127 runs,Series,Zimbabwe,127 runs,Away,0.0,1.0,0.0,2001,4,8
43,2001-04-11,Zimbabwe,2000-2001 Zimbabwe v. Bangladesh,Queens Sports Club,Zimbabwe,Zimbabwe won by 36 runs,Series,Zimbabwe,36 runs,Away,0.0,1.0,0.0,2001,4,11
44,2001-11-23,Zimbabwe,2001-2002 Bangladesh v. Zimbabwe,MA Aziz Stadium,Bangladesh,Zimbabwe won by 5 wickets,Series,Zimbabwe,5 wickets,Home,0.0,1.0,0.0,2001,11,23
45,2001-11-25,Zimbabwe,2001-2002 Bangladesh v. Zimbabwe,Bangabandhu National Stadium,Bangladesh,Zimbabwe won by 42 runs,Series,Zimbabwe,42 runs,Home,0.0,1.0,0.0,2001,11,25
46,2001-11-26,Zimbabwe,2001-2002 Bangladesh v. Zimbabwe,Bangabandhu National Stadium,Bangladesh,Zimbabwe won by 7 wickets,Series,Zimbabwe,7 wickets,Home,0.0,1.0,0.0,2001,11,26
47,2002-01-22,Pakistan,2001-2002 Bangladesh v. Pakistan,MA Aziz Stadium,Bangladesh,Pakistan won by 49 runs,Series,Pakistan,49 runs,Home,0.0,1.0,0.0,2002,1,22
48,2002-01-24,Pakistan,2001-2002 Bangladesh v. Pakistan,Bangabandhu National Stadium,Bangladesh,Pakistan won by 72 runs,Series,Pakistan,72 runs,Home,0.0,1.0,0.0,2002,1,24
49,2002-01-25,Pakistan,2001-2002 Bangladesh v. Pakistan,Bangabandhu National Stadium,Bangladesh,Pakistan won by 8 wickets,Series,Pakistan,8 wickets,Home,0.0,1.0,0.0,2002,1,25
50,2002-08-04,Sri Lanka,2002-2003 Sri Lanka v. Bangladesh,Sinhalese Sports Club Ground,Sri Lanka,Sri Lanka won by 5 wickets,Series,Sri Lanka,5 wickets,Away,0.0,1.0,0.0,2002,8,4
51,2002-08-05,Sri Lanka,2002-2003 Sri Lanka v. Bangladesh,Sinhalese Sports Club Ground,Sri Lanka,Sri Lanka won by 8 wickets,Series,Sri Lanka,8 wickets,Away,0.0,1.0,0.0,2002,8,5
52,2002-08-07,Sri Lanka,2002-2003 Sri Lanka v. Bangladesh,R Premadasa Stadium,Sri Lanka,Sri Lanka won by 58 runs,Series,Sri Lanka,58 runs,Away,0.0,1.0,0.0,2002,8,7
53,2002-09-19,Australia,2002-2003 ICC Champions Trophy (v. Australia),Sinhalese Sports Club Ground,Sri Lanka,Australia won by 9 wickets,ICC Champions Trophy,Australia,9 wickets,Away,0.0,1.0,0.0,2002,9,19
54,2002-09-23,New Zealand,2002-2003 ICC Champions Trophy (v. New Zealand),Sinhalese Sports Club Ground,Sri Lanka,New Zealand won by 167 runs,ICC Champions Trophy,New Zealand,167 runs,Away,0.0,1.0,0.0,2002,9,23
55,2002-10-03,South Africa,2002-2003 South Africa v. Bangladesh,Senwes Park,South Africa,South Africa won by 168 runs,Series,South Africa,168 runs,Away,0.0,1.0,0.0,2002,10,3
56,2002-10-06,South Africa,2002-2003 South Africa v. Bangladesh,Willowmoore Park,South Africa,South Africa won by 10 wickets,Series,South Africa,10 wickets,Away,0.0,1.0,0.0,2002,10,6
57,2002-10-09,South Africa,2002-2003 South Africa v. Bangladesh,Diamond Oval,South Africa,South Africa won by 7 wickets,Series,South Africa,7 wickets,Away,0.0,1.0,0.0,2002,10,9
59,2002-12-02,West Indies,2002-2003 Bangladesh v. West Indies,Bangabandhu National Stadium,Bangladesh,West Indies won by 84 runs,Series,West Indies,84 runs,Home,0.0,1.0,0.0,2002,12,2
60,2002-12-03,West Indies,2002-2003 Bangladesh v. West Indies,Bangabandhu National Stadium,Bangladesh,West Indies won by 86 runs,Series,West Indies,86 runs,Home,0.0,1.0,0.0,2002,12,3
61,2003-02-11,Canada,2002-2003 ICC World Cup (v. Canada),Kingsmead,South Africa,Canada won by 60 runs,ICC World Cup,Canada,60 runs,Away,0.0,1.0,0.0,2003,2,11
62,2003-02-14,Sri Lanka,2002-2003 ICC World Cup (v. Sri Lanka),City Oval,South Africa,Sri Lanka won by 10 wickets,ICC World Cup,Sri Lanka,10 wickets,Away,0.0,1.0,0.0,2003,2,14
64,2003-02-22,South Africa,2002-2003 ICC World Cup (v. South Africa),Mangaung Oval,South Africa,South Africa won by 10 wickets,ICC World Cup,South Africa,10 wickets,Away,0.0,1.0,0.0,2003,2,22
65,2003-02-26,New Zealand,2002-2003 ICC World Cup (v. New Zealand),Diamond Oval,South Africa,New Zealand won by 7 wickets,ICC World Cup,New Zealand,7 wickets,Away,0.0,1.0,0.0,2003,2,26
66,2003-03-01,Kenya,2002-2003 ICC World Cup (v. Kenya),Wanderers Stadium,South Africa,Kenya won by 32 runs,ICC World Cup,Kenya,32 runs,Away,0.0,1.0,0.0,2003,3,1
67,2003-04-11,India,2002-2003 TVS Cup (v. India),Bangabandhu National Stadium,Bangladesh,India won by 200 runs,Series,India,200 runs,Home,0.0,1.0,0.0,2003,4,11
68,2003-04-14,South Africa,2002-2003 TVS Cup (v. South Africa),Bangabandhu National Stadium,Bangladesh,South Africa won by 83 runs,Series,South Africa,83 runs,Home,0.0,1.0,0.0,2003,4,14
69,2003-04-16,India,2002-2003 TVS Cup (v. India),Bangabandhu National Stadium,Bangladesh,India won by 4 wickets,Series,India,4 wickets,Home,0.0,1.0,0.0,2003,4,16
70,2003-04-17,South Africa,2002-2003 TVS Cup (v. South Africa),Bangabandhu National Stadium,Bangladesh,South Africa won by 93 runs,Series,South Africa,93 runs,Home,0.0,1.0,0.0,2003,4,17
71,2003-08-02,Australia,2003-2004 Australia v. Bangladesh,Cazaly's Stadium,Australia,Australia won by 8 wickets,Series,Australia,8 wickets,Away,0.0,1.0,0.0,2003,8,2
72,2003-08-03,Australia,2003-2004 Australia v. Bangladesh,Cazaly's Stadium,Australia,Australia won by 9 wickets,Series,Australia,9 wickets,Away,0.0,1.0,0.0,2003,8,3
73,2003-08-06,Australia,2003-2004 Australia v. Bangladesh,Marrara Cricket Ground,Australia,Australia won by 112 runs,Series,Australia,112 runs,Away,0.0,1.0,0.0,2003,8,6
74,2003-09-09,Pakistan,2003-2004 Pakistan v. Bangladesh,Multan Cricket Stadium,Pakistan,Pakistan won by 137 runs,Series,Pakistan,137 runs,Away,0.0,1.0,0.0,2003,9,9
75,2003-09-12,Pakistan,2003-2004 Pakistan v. Bangladesh,Iqbal Stadium,Pakistan,Pakistan won by 74 runs,Series,Pakistan,74 runs,Away,0.0,1.0,0.0,2003,9,12
76,2003-09-15,Pakistan,2003-2004 Pakistan v. Bangladesh,Gaddafi Stadium,Pakistan,Pakistan won by 42 runs,Series,Pakistan,42 runs,Away,0.0,1.0,0.0,2003,9,15
77,2003-09-18,Pakistan,2003-2004 Pakistan v. Bangladesh,Rawalpindi Cricket Stadium,Pakistan,Pakistan won by 5 wickets,Series,Pakistan,5 wickets,Away,0.0,1.0,0.0,2003,9,18
78,2003-09-21,Pakistan,2003-2004 Pakistan v. Bangladesh,National Stadium (Karachi),Pakistan,Pakistan won by 58 runs,Series,Pakistan,58 runs,Away,0.0,1.0,0.0,2003,9,21
79,2003-11-07,England,2003-2004 Bangladesh v. England,MA Aziz Stadium,Bangladesh,England won by 7 wickets,Series,England,7 wickets,Home,0.0,1.0,0.0,2003,11,7
80,2003-11-10,England,2003-2004 Bangladesh v. England,Bangabandhu National Stadium,Bangladesh,England won by 7 wickets,Series,England,7 wickets,Home,0.0,1.0,0.0,2003,11,10
81,2003-11-12,England,2003-2004 Bangladesh v. England,Bangabandhu National Stadium,Bangladesh,England won by 7 wickets,Series,England,7 wickets,Home,0.0,1.0,0.0,2003,11,12
82,2004-03-10,Zimbabwe,2003-2004 Zimbabwe v. Bangladesh,Harare Sports Club,Zimbabwe,Bangladesh won by 8 runs,Series,Bangladesh,8 runs,Away,1.0,0.0,100.0,2004,3,10
83,2004-03-12,Zimbabwe,2003-2004 Zimbabwe v. Bangladesh,Harare Sports Club,Zimbabwe,Zimbabwe won by 14 runs,Series,Zimbabwe,14 runs,Away,0.0,1.0,0.0,2004,3,12
84,2004-03-14,Zimbabwe,2003-2004 Zimbabwe v. Bangladesh,Harare Sports Club,Zimbabwe,Zimbabwe won by 3 wickets,Series,Zimbabwe,3 wickets,Away,0.0,1.0,0.0,2004,3,14
85,2004-05-15,West Indies,2003-2004 West Indies v. Bangladesh,Arnos Vale Ground,West Indies,West Indies won by 1 wicket,Series,West Indies,1 wicket,Away,0.0,1.0,0.0,2004,5,15
86,2004-05-16,West Indies,2003-2004 West Indies v. Bangladesh,Arnos Vale Ground,West Indies,West Indies won by 23 runs,Series,West Indies,23 runs,Away,0.0,1.0,0.0,2004,5,16
87,2004-05-19,West Indies,2003-2004 West Indies v. Bangladesh,National Cricket Stadium (Grenada),West Indies,West Indies won by 7 wickets,Series,West Indies,7 wickets,Away,0.0,1.0,0.0,2004,5,19
88,2004-07-16,Hong Kong,2004-2005 Asia Cup (v. Hong Kong),Sinhalese Sports Club Ground,Sri Lanka,Bangladesh won by 116 runs,Asia Cup,Bangladesh,116 runs,Away,1.0,0.0,100.0,2004,7,16
89,2004-07-17,Pakistan,2004-2005 Asia Cup (v. Pakistan),Sinhalese Sports Club Ground,Sri Lanka,Pakistan won by 76 runs,Asia Cup,Pakistan,76 runs,Away,0.0,1.0,0.0,2004,7,17
90,2004-07-21,India,2004-2005 Asia Cup (v. India),Sinhalese Sports Club Ground,Sri Lanka,India won by 8 wickets,Asia Cup,India,8 wickets,Away,0.0,1.0,0.0,2004,7,21
91,2004-07-23,Sri Lanka,2004-2005 Asia Cup (v. Sri Lanka),R Premadasa Stadium,Sri Lanka,Sri Lanka won by 10 wickets,Asia Cup,Sri Lanka,10 wickets,Away,0.0,1.0,0.0,2004,7,23
92,2004-07-29,Pakistan,2004-2005 Asia Cup (v. Pakistan),R Premadasa Stadium,Sri Lanka,Pakistan won by 6 wickets,Asia Cup,Pakistan,6 wickets,Away,0.0,1.0,0.0,2004,7,29
93,2004-09-12,South Africa,2004 ICC Champions Trophy (v. South Africa),Edgbaston,England,South Africa won by 9 wickets,ICC Champions Trophy,South Africa,9 wickets,Away,0.0,1.0,0.0,2004,9,12
94,2004-09-15,West Indies,2004 ICC Champions Trophy (v. West Indies),The Rose Bowl,England,West Indies won by 138 runs,ICC Champions Trophy,West Indies,138 runs,Away,0.0,1.0,0.0,2004,9,15
95,2004-11-02,New Zealand,2004-2005 Bangladesh v. New Zealand,MA Aziz Stadium,Bangladesh,New Zealand won by 138 runs,Series,New Zealand,138 runs,Home,0.0,1.0,0.0,2004,11,2
96,2004-11-05,New Zealand,2004-2005 Bangladesh v. New Zealand,Bangabandhu National Stadium,Bangladesh,New Zealand won by 3 wickets,Series,New Zealand,3 wickets,Home,0.0,1.0,0.0,2004,11,5
97,2004-11-07,New Zealand,2004-2005 Bangladesh v. New Zealand,Bangabandhu National Stadium,Bangladesh,New Zealand won by 83 runs,Series,New Zealand,83 runs,Home,0.0,1.0,0.0,2004,11,7
98,2004-12-23,India,2004-2005 Bangladesh v. India,MA Aziz Stadium,Bangladesh,India won by 11 runs,Series,India,11 runs,Home,0.0,1.0,0.0,2004,12,23
99,2004-12-26,India,2004-2005 Bangladesh v. India,Bangabandhu National Stadium,Bangladesh,Bangladesh won by 15 runs,Series,Bangladesh,15 runs,Home,1.0,0.0,100.0,2004,12,26
100,2004-12-27,India,2004-2005 Bangladesh v. India,Bangabandhu National Stadium,Bangladesh,India won by 91 runs,Series,India,91 runs,Home,0.0,1.0,0.0,2004,12,27
101,2005-01-20,Zimbabwe,2004-2005 Bangladesh v. Zimbabwe,Bangabandhu National Stadium,Bangladesh,Zimbabwe won by 22 runs,Series,Zimbabwe,22 runs,Home,0.0,1.0,0.0,2005,1,20
102,2005-01-24,Zimbabwe,2004-2005 Bangladesh v. Zimbabwe,MA Aziz Stadium,Bangladesh,Zimbabwe won by 31 runs,Series,Zimbabwe,31 runs,Home,0.0,1.0,0.0,2005,1,24
103,2005-01-26,Zimbabwe,2004-2005 Bangladesh v. Zimbabwe,MA Aziz Stadium,Bangladesh,Bangladesh won by 40 runs,Series,Bangladesh,40 runs,Home,1.0,0.0,100.0,2005,1,26
104,2005-01-29,Zimbabwe,2004-2005 Bangladesh v. Zimbabwe,Bangabandhu National Stadium,Bangladesh,Bangladesh won by 58 runs,Series,Bangladesh,58 runs,Home,1.0,0.0,100.0,2005,1,29
105,2005-01-31,Zimbabwe,2004-2005 Bangladesh v. Zimbabwe,Bangabandhu National Stadium,Bangladesh,Bangladesh won by 8 wickets,Series,Bangladesh,8 wickets,Home,1.0,0.0,100.0,2005,1,31
106,2005-06-16,England,2005 Natwest Series (v. England),Kennington Oval,England,England won by 10 wickets,Series,England,10 wickets,Away,0.0,1.0,0.0,2005,6,16
107,2005-06-18,Australia,2005 Natwest Series (v. Australia),Sophia Gardens,Wales,Bangladesh won by 5 wickets,Series,Bangladesh,5 wickets,Away,1.0,0.0,100.0,2005,6,18
108,2005-06-21,England,2005 Natwest Series (v. England),Trent Bridge,England,England won by 168 runs,Series,England,168 runs,Away,0.0,1.0,0.0,2005,6,21
109,2005-06-25,Australia,2005 Natwest Series (v. Australia),Old Trafford,England,Australia won by 10 wickets,Series,Australia,10 wickets,Away,0.0,1.0,0.0,2005,6,25
110,2005-06-26,England,2005 Natwest Series (v. England),Headingley,England,England won by 5 wickets,Series,England,5 wickets,Away,0.0,1.0,0.0,2005,6,26
111,2005-06-30,Australia,2005 Natwest Series (v. Australia),St Lawrence Ground,England,Australia won by 6 wickets,Series,Australia,6 wickets,Away,0.0,1.0,0.0,2005,6,30
112,2005-08-31,Sri Lanka,2005-2006 Sri Lanka v. Bangladesh,Sinhalese Sports Club Ground,Sri Lanka,Sri Lanka won by 88 runs,Series,Sri Lanka,88 runs,Away,0.0,1.0,0.0,2005,8,31
113,2005-09-02,Sri Lanka,2005-2006 Sri Lanka v. Bangladesh,R Premadasa Stadium,Sri Lanka,Sri Lanka won by 75 runs,Series,Sri Lanka,75 runs,Away,0.0,1.0,0.0,2005,9,2
114,2005-09-04,Sri Lanka,2005-2006 Sri Lanka v. Bangladesh,R Premadasa Stadium,Sri Lanka,Sri Lanka won by 6 wickets,Series,Sri Lanka,6 wickets,Away,0.0,1.0,0.0,2005,9,4
115,2006-02-20,Sri Lanka,2005-2006 Bangladesh v. Sri Lanka,Shaheed Chandu Stadium,Bangladesh,Sri Lanka won by 5 wickets,Series,Sri Lanka,5 wickets,Home,0.0,1.0,0.0,2006,2,20
116,2006-02-22,Sri Lanka,2005-2006 Bangladesh v. Sri Lanka,Shaheed Chandu Stadium,Bangladesh,Bangladesh won by 4 wickets,Series,Bangladesh,4 wickets,Home,1.0,0.0,100.0,2006,2,22
117,2006-02-25,Sri Lanka,2005-2006 Bangladesh v. Sri Lanka,Zahur Ahmed Chowdhury Stadium,Bangladesh,Sri Lanka won by 78 runs,Series,Sri Lanka,78 runs,Home,0.0,1.0,0.0,2006,2,25
118,2006-03-17,Kenya,2005-2006 Bangladesh v. Kenya,Shaheed Chandu Stadium,Bangladesh,Bangladesh won by 131 runs,Series,Bangladesh,131 runs,Home,1.0,0.0,100.0,2006,3,17
119,2006-03-20,Kenya,2005-2006 Bangladesh v. Kenya,Sheikh Abu Naser Stadium,Bangladesh,Bangladesh won by 9 wickets,Series,Bangladesh,9 wickets,Home,1.0,0.0,100.0,2006,3,20
120,2006-03-23,Kenya,2005-2006 Bangladesh v. Kenya,Khan Shaheb Osman Ali Stadium,Bangladesh,Bangladesh won by 20 runs,Series,Bangladesh,20 runs,Home,1.0,0.0,100.0,2006,3,23
121,2006-03-25,Kenya,2005-2006 Bangladesh v. Kenya,Khan Shaheb Osman Ali Stadium,Bangladesh,Bangladesh won by 7 wickets,Series,Bangladesh,7 wickets,Home,1.0,0.0,100.0,2006,3,25
122,2006-04-23,Australia,2005-2006 Bangladesh v. Australia,Zahur Ahmed Chowdhury Stadium,Bangladesh,Australia won by 4 wickets,Series,Australia,4 wickets,Home,0.0,1.0,0.0,2006,4,23
123,2006-04-26,Australia,2005-2006 Bangladesh v. Australia,Khan Shaheb Osman Ali Stadium,Bangladesh,Australia won by 67 runs,Series,Australia,67 runs,Home,0.0,1.0,0.0,2006,4,26
124,2006-04-28,Australia,2005-2006 Bangladesh v. Australia,Khan Shaheb Osman Ali Stadium,Bangladesh,Australia won by 9 wickets,Series,Australia,9 wickets,Home,0.0,1.0,0.0,2006,4,28
125,2006-07-29,Zimbabwe,2006-2007 Zimbabwe v. Bangladesh,Harare Sports Club,Zimbabwe,Zimbabwe won by 2 wickets,Series,Zimbabwe,2 wickets,Away,0.0,1.0,0.0,2006,7,29
126,2006-07-30,Zimbabwe,2006-2007 Zimbabwe v. Bangladesh,Harare Sports Club,Zimbabwe,Bangladesh won by 62 runs,Series,Bangladesh,62 runs,Away,1.0,0.0,100.0,2006,7,30
127,2006-08-02,Zimbabwe,2006-2007 Zimbabwe v. Bangladesh,Harare Sports Club,Zimbabwe,Zimbabwe won by 2 wickets,Series,Zimbabwe,2 wickets,Away,0.0,1.0,0.0,2006,8,2
128,2006-08-04,Zimbabwe,2006-2007 Zimbabwe v. Bangladesh,Harare Sports Club,Zimbabwe,Zimbabwe won by 7 wickets,Series,Zimbabwe,7 wickets,Away,0.0,1.0,0.0,2006,8,4
129,2006-08-06,Zimbabwe,2006-2007 Zimbabwe v. Bangladesh,Harare Sports Club,Zimbabwe,Bangladesh won by 8 wickets,Series,Bangladesh,8 wickets,Away,1.0,0.0,100.0,2006,8,6
130,2006-08-12,Kenya,2006-2007 Kenya v. Bangladesh,Gymkhana Club Ground,Kenya,Bangladesh won by 6 wickets,Series,Bangladesh,6 wickets,Away,1.0,0.0,100.0,2006,8,12
131,2006-08-13,Kenya,2006-2007 Kenya v. Bangladesh,Gymkhana Club Ground,Kenya,Bangladesh won by 2 wickets,Series,Bangladesh,2 wickets,Away,1.0,0.0,100.0,2006,8,13
132,2006-08-15,Kenya,2006-2007 Kenya v. Bangladesh,Gymkhana Club Ground,Kenya,Bangladesh won by 6 wickets,Series,Bangladesh,6 wickets,Away,1.0,0.0,100.0,2006,8,15
133,2006-10-07,Sri Lanka,2006-2007 ICC Champions Qualifying (v. Sri Lanka),Punjab Cricket Association IS Bindra Stadium,India,Sri Lanka won by 37 runs,ICC Champions Trophy,Sri Lanka,37 runs,Away,0.0,1.0,0.0,2006,10,7
134,2006-10-11,West Indies,2006-2007 ICC Champions Qualifying (v. West Indies),Sawai Mansingh Stadium,India,West Indies won by 10 wickets,ICC Champions Trophy,West Indies,10 wickets,Away,0.0,1.0,0.0,2006,10,11
135,2006-10-13,Zimbabwe,2006-2007 ICC Champions Qualifying (v. Zimbabwe),Sawai Mansingh Stadium,India,Bangladesh won by 101 runs,ICC Champions Trophy,Bangladesh,101 runs,Away,1.0,0.0,100.0,2006,10,13
136,2006-11-30,Zimbabwe,2006-2007 Bangladesh v. Zimbabwe,Sheikh Abu Naser Stadium,Bangladesh,Bangladesh won by 9 wickets,Series,Bangladesh,9 wickets,Home,1.0,0.0,100.0,2006,11,30
137,2006-12-03,Zimbabwe,2006-2007 Bangladesh v. Zimbabwe,Shaheed Chandu Stadium,Bangladesh,Bangladesh won by 6 wickets,Series,Bangladesh,6 wickets,Home,1.0,0.0,100.0,2006,12,3
138,2006-12-05,Zimbabwe,2006-2007 Bangladesh v. Zimbabwe,Shaheed Chandu Stadium,Bangladesh,Bangladesh won by 26 runs,Series,Bangladesh,26 runs,Home,1.0,0.0,100.0,2006,12,5
139,2006-12-08,Zimbabwe,2006-2007 Bangladesh v. Zimbabwe,Shere Bangla National Stadium,Bangladesh,Bangladesh won by 8 wickets,Series,Bangladesh,8 wickets,Home,1.0,0.0,100.0,2006,12,8
140,2006-12-09,Zimbabwe,2006-2007 Bangladesh v. Zimbabwe,Shere Bangla National Stadium,Bangladesh,Bangladesh won by 3 wickets,Series,Bangladesh,3 wickets,Home,1.0,0.0,100.0,2006,12,9
141,2006-12-15,Scotland,2006-2007 Bangladesh v. Scotland,Zahur Ahmed Chowdhury Stadium,Bangladesh,Bangladesh won by 6 wickets,Series,Bangladesh,6 wickets,Home,1.0,0.0,100.0,2006,12,15
142,2006-12-17,Scotland,2006-2007 Bangladesh v. Scotland,Shere Bangla National Stadium,Bangladesh,Bangladesh won by 146 runs,Series,Bangladesh,146 runs,Home,1.0,0.0,100.0,2006,12,17
143,2007-02-04,Zimbabwe,2006-2007 Zimbabwe v. Bangladesh,Harare Sports Club,Zimbabwe,Bangladesh won by 45 runs,Series,Bangladesh,45 runs,Away,1.0,0.0,100.0,2007,2,4
144,2007-02-06,Zimbabwe,2006-2007 Zimbabwe v. Bangladesh,Harare Sports Club,Zimbabwe,Zimbabwe won by 8 wickets,Series,Zimbabwe,8 wickets,Away,0.0,1.0,0.0,2007,2,6
145,2007-02-09,Zimbabwe,2006-2007 Zimbabwe v. Bangladesh,Harare Sports Club,Zimbabwe,Bangladesh won by 14 runs,Series,Bangladesh,14 runs,Away,1.0,0.0,100.0,2007,2,9
146,2007-02-10,Zimbabwe,2006-2007 Zimbabwe v. Bangladesh,Harare Sports Club,Zimbabwe,Bangladesh won by 1 wicket,Series,Bangladesh,1 wicket,Away,1.0,0.0,100.0,2007,2,10
147,2007-02-25,Bermuda,2006-2007 Associates Tri-Series (v. Bermuda),Antigua Recreation Ground,West Indies,Bangladesh won by 8 wickets,Series,Bangladesh,8 wickets,Away,1.0,0.0,100.0,2007,2,25
148,2007-02-28,Canada,2006-2007 Associates Tri-Series (v. Canada),Antigua Recreation Ground,West Indies,Bangladesh won by 13 runs,Series,Bangladesh,13 runs,Away,1.0,0.0,100.0,2007,2,28
149,2007-03-17,India,2006-2007 ICC World Cup (v. India),Queen's Park Oval,West Indies,Bangladesh won by 5 wickets,ICC World Cup,Bangladesh,5 wickets,Away,1.0,0.0,100.0,2007,3,17
150,2007-03-21,Sri Lanka,2006-2007 ICC World Cup (v. Sri Lanka),Queen's Park Oval,West Indies,Sri Lanka won by 198 runs,ICC World Cup,Sri Lanka,198 runs,Away,0.0,1.0,0.0,2007,3,21
151,2007-03-25,Bermuda,2006-2007 ICC World Cup (v. Bermuda),Queen's Park Oval,West Indies,Bangladesh won by 7 wickets,ICC World Cup,Bangladesh,7 wickets,Away,1.0,0.0,100.0,2007,3,25
152,2007-03-31,Australia,2006-2007 ICC World Cup (v. Australia),Sir Vivian Richards Stadium,West Indies,Australia won by 10 wickets,ICC World Cup,Australia,10 wickets,Away,0.0,1.0,0.0,2007,3,31
153,2007-04-02,New Zealand,2006-2007 ICC World Cup (v. New Zealand),Sir Vivian Richards Stadium,West Indies,New Zealand won by 9 wickets,ICC World Cup,New Zealand,9 wickets,Away,0.0,1.0,0.0,2007,4,2
154,2007-04-07,South Africa,2006-2007 ICC World Cup (v. South Africa),Providence Stadium,West Indies,Bangladesh won by 67 runs,ICC World Cup,Bangladesh,67 runs,Away,1.0,0.0,100.0,2007,4,7
155,2007-04-11,England,2006-2007 ICC World Cup (v. England),Kensington Oval,West Indies,England won by 4 wickets,ICC World Cup,England,4 wickets,Away,0.0,1.0,0.0,2007,4,11
156,2007-04-15,Ireland,2006-2007 ICC World Cup (v. Ireland),Kensington Oval,West Indies,Ireland won by 74 runs,ICC World Cup,Ireland,74 runs,Away,0.0,1.0,0.0,2007,4,15
157,2007-04-19,West Indies,2006-2007 ICC World Cup (v. West Indies),Kensington Oval,West Indies,West Indies won by 99 runs,ICC World Cup,West Indies,99 runs,Away,0.0,1.0,0.0,2007,4,19
158,2007-05-10,India,2006-2007 Bangladesh v. India,Shere Bangla National Stadium,Bangladesh,India won by 5 wickets,Series,India,5 wickets,Home,0.0,1.0,0.0,2007,5,10
159,2007-05-12,India,2006-2007 Bangladesh v. India,Shere Bangla National Stadium,Bangladesh,India won by 46 runs,Series,India,46 runs,Home,0.0,1.0,0.0,2007,5,12
160,2007-07-20,Sri Lanka,2007-2008 Sri Lanka v. Bangladesh,P Sara Oval,Sri Lanka,Sri Lanka won by 70 runs,Series,Sri Lanka,70 runs,Away,0.0,1.0,0.0,2007,7,20
161,2007-07-23,Sri Lanka,2007-2008 Sri Lanka v. Bangladesh,R Premadasa Stadium,Sri Lanka,Sri Lanka won by 5 wickets,Series,Sri Lanka,5 wickets,Away,0.0,1.0,0.0,2007,7,23
162,2007-07-25,Sri Lanka,2007-2008 Sri Lanka v. Bangladesh,R Premadasa Stadium,Sri Lanka,Sri Lanka won by 39 runs,Series,Sri Lanka,39 runs,Away,0.0,1.0,0.0,2007,7,25
163,2007-12-26,New Zealand,2007-2008 New Zealand v. Bangladesh,Eden Park,New Zealand,New Zealand won by 6 wickets,Series,New Zealand,6 wickets,Away,0.0,1.0,0.0,2007,12,26
164,2007-12-28,New Zealand,2007-2008 New Zealand v. Bangladesh,McLean Park,New Zealand,New Zealand won by 102 runs,Series,New Zealand,102 runs,Away,0.0,1.0,0.0,2007,12,28
165,2007-12-31,New Zealand,2007-2008 New Zealand v. Bangladesh,Queenstown Events Centre,New Zealand,New Zealand won by 10 wickets,Series,New Zealand,10 wickets,Away,0.0,1.0,0.0,2007,12,31
166,2008-03-09,South Africa,2007-2008 Bangladesh v. South Africa,Zahur Ahmed Chowdhury Stadium,Bangladesh,South Africa won by 9 wickets,Series,South Africa,9 wickets,Home,0.0,1.0,0.0,2008,3,9
167,2008-03-12,South Africa,2007-2008 Bangladesh v. South Africa,Shere Bangla National Stadium,Bangladesh,South Africa won by 7 wickets,Series,South Africa,7 wickets,Home,0.0,1.0,0.0,2008,3,12
168,2008-03-14,South Africa,2007-2008 Bangladesh v. South Africa,Shere Bangla National Stadium,Bangladesh,South Africa won by 7 wickets,Series,South Africa,7 wickets,Home,0.0,1.0,0.0,2008,3,14
169,2008-03-18,Ireland,2007-2008 Bangladesh v. Ireland,Shere Bangla National Stadium,Bangladesh,Bangladesh won by 8 wickets,Series,Bangladesh,8 wickets,Home,1.0,0.0,100.0,2008,3,18
170,2008-03-20,Ireland,2007-2008 Bangladesh v. Ireland,Shere Bangla National Stadium,Bangladesh,Bangladesh won by 84 runs,Series,Bangladesh,84 runs,Home,1.0,0.0,100.0,2008,3,20
171,2008-03-22,Ireland,2007-2008 Bangladesh v. Ireland,Shere Bangla National Stadium,Bangladesh,Bangladesh won by 79 runs,Series,Bangladesh,79 runs,Home,1.0,0.0,100.0,2008,3,22
172,2008-04-08,Pakistan,2007-2008 Pakistan v. Bangladesh,Gaddafi Stadium,Pakistan,Pakistan won by 152 runs,Series,Pakistan,152 runs,Away,0.0,1.0,0.0,2008,4,8
173,2008-04-11,Pakistan,2007-2008 Pakistan v. Bangladesh,Iqbal Stadium,Pakistan,Pakistan won by 7 wickets,Series,Pakistan,7 wickets,Away,0.0,1.0,0.0,2008,4,11
174,2008-04-13,Pakistan,2007-2008 Pakistan v. Bangladesh,Gaddafi Stadium,Pakistan,Pakistan won by 23 runs,Series,Pakistan,23 runs,Away,0.0,1.0,0.0,2008,4,13
175,2008-04-16,Pakistan,2007-2008 Pakistan v. Bangladesh,Multan Cricket Stadium,Pakistan,Pakistan won by 7 wickets,Series,Pakistan,7 wickets,Away,0.0,1.0,0.0,2008,4,16
176,2008-04-19,Pakistan,2007-2008 Pakistan v. Bangladesh,National Stadium (Karachi),Pakistan,Pakistan won by 150 runs,Series,Pakistan,150 runs,Away,0.0,1.0,0.0,2008,4,19
177,2008-06-08,Pakistan,2007-2008 Kitply Cup (v. Pakistan),Shere Bangla National Stadium,Bangladesh,Pakistan won by 70 runs,Series,Pakistan,70 runs,Home,0.0,1.0,0.0,2008,6,8
178,2008-06-12,India,2007-2008 Kitply Cup (v. India),Shere Bangla National Stadium,Bangladesh,India won by 7 wickets,Series,India,7 wickets,Home,0.0,1.0,0.0,2008,6,12
179,2008-06-24,United Arab Emirates,2007-2008 Asia Cup (v. United Arab Emirates),Gaddafi Stadium,Pakistan,Bangladesh won by 96 runs,Asia Cup,Bangladesh,96 runs,Away,1.0,0.0,100.0,2008,6,24
180,2008-06-25,Sri Lanka,2007-2008 Asia Cup (v. Sri Lanka),Gaddafi Stadium,Pakistan,Sri Lanka won by 131 runs,Asia Cup,Sri Lanka,131 runs,Away,0.0,1.0,0.0,2008,6,25
181,2008-06-28,India,2007-2008 Asia Cup (v. India),National Stadium (Karachi),Pakistan,India won by 7 wickets,Asia Cup,India,7 wickets,Away,0.0,1.0,0.0,2008,6,28
182,2008-06-30,Sri Lanka,2007-2008 Asia Cup (v. Sri Lanka),National Stadium (Karachi),Pakistan,Sri Lanka won by 158 runs,Asia Cup,Sri Lanka,158 runs,Away,0.0,1.0,0.0,2008,6,30
183,2008-07-04,Pakistan,2007-2008 Asia Cup (v. Pakistan),National Stadium (Karachi),Pakistan,Pakistan won by 10 wickets,Asia Cup,Pakistan,10 wickets,Away,0.0,1.0,0.0,2008,7,4
184,2008-08-30,Australia,2008-2009 Australia v. Bangladesh,Marrara Cricket Ground,Australia,Australia won by 180 runs,Series,Australia,180 runs,Away,0.0,1.0,0.0,2008,8,30
185,2008-09-02,Australia,2008-2009 Australia v. Bangladesh,Marrara Cricket Ground,Australia,Australia won by 8 wickets,Series,Australia,8 wickets,Away,0.0,1.0,0.0,2008,9,2
186,2008-09-06,Australia,2008-2009 Australia v. Bangladesh,Marrara Cricket Ground,Australia,Australia won by 73 runs,Series,Australia,73 runs,Away,0.0,1.0,0.0,2008,9,6
187,2008-10-09,New Zealand,2008-2009 Bangladesh v. New Zealand,Shere Bangla National Stadium,Bangladesh,Bangladesh won by 7 wickets,Series,Bangladesh,7 wickets,Home,1.0,0.0,100.0,2008,10,9
188,2008-10-11,New Zealand,2008-2009 Bangladesh v. New Zealand,Shere Bangla National Stadium,Bangladesh,New Zealand won by 75 runs,Series,New Zealand,75 runs,Home,0.0,1.0,0.0,2008,10,11
189,2008-10-14,New Zealand,2008-2009 Bangladesh v. New Zealand,Zahur Ahmed Chowdhury Stadium,Bangladesh,New Zealand won by 79 runs,Series,New Zealand,79 runs,Home,0.0,1.0,0.0,2008,10,14
190,2008-11-07,South Africa,2008-2009 South Africa v. Bangladesh,Senwes Park,South Africa,South Africa won by 61 runs,Series,South Africa,61 runs,Away,0.0,1.0,0.0,2008,11,7
191,2008-11-09,South Africa,2008-2009 South Africa v. Bangladesh,Willowmoore Park,South Africa,South Africa won by 128 runs,Series,South Africa,128 runs,Away,0.0,1.0,0.0,2008,11,9
192,2009-01-10,Zimbabwe,2008-2009 Bangladesh Tri-Series (v. Zimbabwe),Shere Bangla National Stadium,Bangladesh,Zimbabwe won by 38 runs,Series,Zimbabwe,38 runs,Home,0.0,1.0,0.0,2009,1,10
193,2009-01-14,Sri Lanka,2008-2009 Bangladesh Tri-Series (v. Sri Lanka),Shere Bangla National Stadium,Bangladesh,Bangladesh won by 5 wickets,Series,Bangladesh,5 wickets,Home,1.0,0.0,100.0,2009,1,14
194,2009-01-16,Sri Lanka,2008-2009 Bangladesh Tri-Series (v. Sri Lanka),Shere Bangla National Stadium,Bangladesh,Sri Lanka won by 2 wickets,Series,Sri Lanka,2 wickets,Home,0.0,1.0,0.0,2009,1,16
195,2009-01-19,Zimbabwe,2008-2009 Bangladesh v. Zimbabwe,Shere Bangla National Stadium,Bangladesh,Zimbabwe won by 2 wickets,Series,Zimbabwe,2 wickets,Home,0.0,1.0,0.0,2009,1,19
196,2009-01-21,Zimbabwe,2008-2009 Bangladesh v. Zimbabwe,Shere Bangla National Stadium,Bangladesh,Bangladesh won by 6 wickets,Series,Bangladesh,6 wickets,Home,1.0,0.0,100.0,2009,1,21
197,2009-01-23,Zimbabwe,2008-2009 Bangladesh v. Zimbabwe,Shere Bangla National Stadium,Bangladesh,Bangladesh won by 6 wickets,Series,Bangladesh,6 wickets,Home,1.0,0.0,100.0,2009,1,23
198,2009-07-26,West Indies,2009-2010 West Indies v. Bangladesh,Windsor Park,West Indies,Bangladesh won by 52 runs,Series,Bangladesh,52 runs,Away,1.0,0.0,100.0,2009,7,26
199,2009-07-28,West Indies,2009-2010 West Indies v. Bangladesh,Windsor Park,West Indies,Bangladesh won by 3 wickets,Series,Bangladesh,3 wickets,Away,1.0,0.0,100.0,2009,7,28
200,2009-07-31,West Indies,2009-2010 West Indies v. Bangladesh,Warner Park,West Indies,Bangladesh won by 3 wickets,Series,Bangladesh,3 wickets,Away,1.0,0.0,100.0,2009,7,31
201,2009-08-09,Zimbabwe,2009-2010 Zimbabwe v. Bangladesh,Queens Sports Club,Zimbabwe,Bangladesh won by 8 wickets,Series,Bangladesh,8 wickets,Away,1.0,0.0,100.0,2009,8,9
202,2009-08-11,Zimbabwe,2009-2010 Zimbabwe v. Bangladesh,Queens Sports Club,Zimbabwe,Bangladesh won by 49 runs,Series,Bangladesh,49 runs,Away,1.0,0.0,100.0,2009,8,11
203,2009-08-14,Zimbabwe,2009-2010 Zimbabwe v. Bangladesh,Queens Sports Club,Zimbabwe,Zimbabwe won by 69 runs,Series,Zimbabwe,69 runs,Away,0.0,1.0,0.0,2009,8,14
204,2009-08-16,Zimbabwe,2009-2010 Zimbabwe v. Bangladesh,Queens Sports Club,Zimbabwe,Bangladesh won by 4 wickets,Series,Bangladesh,4 wickets,Away,1.0,0.0,100.0,2009,8,16
205,2009-08-18,Zimbabwe,2009-2010 Zimbabwe v. Bangladesh,Queens Sports Club,Zimbabwe,Bangladesh won by 5 wickets,Series,Bangladesh,5 wickets,Away,1.0,0.0,100.0,2009,8,18
206,2009-10-27,Zimbabwe,2009-2010 Bangladesh v. Zimbabwe,Shere Bangla National Stadium,Bangladesh,Zimbabwe won by 5 wickets,Series,Zimbabwe,5 wickets,Home,0.0,1.0,0.0,2009,10,27
207,2009-10-29,Zimbabwe,2009-2010 Bangladesh v. Zimbabwe,Shere Bangla National Stadium,Bangladesh,Bangladesh won by 7 wickets,Series,Bangladesh,7 wickets,Home,1.0,0.0,100.0,2009,10,29
208,2009-10-31,Zimbabwe,2009-2010 Bangladesh v. Zimbabwe,Shere Bangla National Stadium,Bangladesh,Bangladesh won by 4 wickets,Series,Bangladesh,4 wickets,Home,1.0,0.0,100.0,2009,10,31
209,2009-11-03,Zimbabwe,2009-2010 Bangladesh v. Zimbabwe,Zahur Ahmed Chowdhury Stadium,Bangladesh,Bangladesh won by 6 wickets,Series,Bangladesh,6 wickets,Home,1.0,0.0,100.0,2009,11,3
210,2009-11-05,Zimbabwe,2009-2010 Bangladesh v. Zimbabwe,Zahur Ahmed Chowdhury Stadium,Bangladesh,Bangladesh won by 1 wicket,Series,Bangladesh,1 wicket,Home,1.0,0.0,100.0,2009,11,5
211,2010-01-04,Sri Lanka,2009-2010 Tri Nation Tournament (v. Sri Lanka),Shere Bangla National Stadium,Bangladesh,Sri Lanka won by 7 wickets,Series,Sri Lanka,7 wickets,Home,0.0,1.0,0.0,2010,1,4
212,2010-01-07,India,2009-2010 Tri Nation Tournament (v. India),Shere Bangla National Stadium,Bangladesh,India won by 6 wickets,Series,India,6 wickets,Home,0.0,1.0,0.0,2010,1,7
213,2010-01-08,Sri Lanka,2009-2010 Tri Nation Tournament (v. Sri Lanka),Shere Bangla National Stadium,Bangladesh,Sri Lanka won by 9 wickets,Series,Sri Lanka,9 wickets,Home,0.0,1.0,0.0,2010,1,8
214,2010-01-11,India,2009-2010 Tri Nation Tournament (v. India),Shere Bangla National Stadium,Bangladesh,India won by 6 wickets,Series,India,6 wickets,Home,0.0,1.0,0.0,2010,1,11
215,2010-02-05,New Zealand,2009-2010 New Zealand v. Bangladesh,McLean Park,New Zealand,New Zealand won by 146 runs,Series,New Zealand,146 runs,Away,0.0,1.0,0.0,2010,2,5
216,2010-02-08,New Zealand,2009-2010 New Zealand v. Bangladesh,University Oval,New Zealand,New Zealand won by 5 wickets,Series,New Zealand,5 wickets,Away,0.0,1.0,0.0,2010,2,8
217,2010-02-11,New Zealand,2009-2010 New Zealand v. Bangladesh,AMI Stadium,New Zealand,New Zealand won by 3 wickets,Series,New Zealand,3 wickets,Away,0.0,1.0,0.0,2010,2,11
218,2010-02-28,England,2009-2010 Bangladesh v. England,Shere Bangla National Stadium,Bangladesh,England won by 6 wickets,Series,England,6 wickets,Home,0.0,1.0,0.0,2010,2,28
219,2010-03-02,England,2009-2010 Bangladesh v. England,Shere Bangla National Stadium,Bangladesh,England won by 2 wickets,Series,England,2 wickets,Home,0.0,1.0,0.0,2010,3,2
220,2010-03-05,England,2009-2010 Bangladesh v. England,Zahur Ahmed Chowdhury Stadium,Bangladesh,England won by 45 runs,Series,England,45 runs,Home,0.0,1.0,0.0,2010,3,5
221,2010-06-16,India,2009-2010 Asia Cup (v. India),Rangiri Dambulla International Stadium,Sri Lanka,India won by 6 wickets,Asia Cup,India,6 wickets,Away,0.0,1.0,0.0,2010,6,16
222,2010-06-18,Sri Lanka,2009-2010 Asia Cup (v. Sri Lanka),Rangiri Dambulla International Stadium,Sri Lanka,Sri Lanka won by 126 runs,Asia Cup,Sri Lanka,126 runs,Away,0.0,1.0,0.0,2010,6,18
223,2010-06-21,Pakistan,2009-2010 Asia Cup (v. Pakistan),Rangiri Dambulla International Stadium,Sri Lanka,Pakistan won by 139 runs,Asia Cup,Pakistan,139 runs,Away,0.0,1.0,0.0,2010,6,21
224,2010-07-08,England,2010 England v. Bangladesh,Trent Bridge,England,England won by 6 wickets,Series,England,6 wickets,Away,0.0,1.0,0.0,2010,7,8
225,2010-07-10,England,2010 England v. Bangladesh,County Ground (Bristol),England,Bangladesh won by 5 runs,Series,Bangladesh,5 runs,Away,1.0,0.0,100.0,2010,7,10
226,2010-07-12,England,2010 England v. Bangladesh,Edgbaston,England,England won by 144 runs,Series,England,144 runs,Away,0.0,1.0,0.0,2010,7,12
227,2010-07-15,Ireland,2010 Ireland v. Bangladesh,Civil Service Cricket Club,Ireland,Ireland won by 7 wickets,Series,Ireland,7 wickets,Away,0.0,1.0,0.0,2010,7,15
228,2010-07-16,Ireland,2010 Ireland v. Bangladesh,Civil Service Cricket Club,Ireland,Bangladesh won by 6 wickets,Series,Bangladesh,6 wickets,Away,1.0,0.0,100.0,2010,7,16
229,2010-07-20,Netherlands,2010-2011 Bangladesh v. Netherlands,Titwood,Scotland,Netherlands won by 6 wickets,Series,Netherlands,6 wickets,Away,0.0,1.0,0.0,2010,7,20
230,2010-10-05,New Zealand,2010-2011 Bangladesh v. New Zealand,Shere Bangla National Stadium,Bangladesh,Bangladesh won by 9 runs,Series,Bangladesh,9 runs,Home,1.0,0.0,100.0,2010,10,5
231,2010-10-11,New Zealand,2010-2011 Bangladesh v. New Zealand,Shere Bangla National Stadium,Bangladesh,Bangladesh won by 7 wickets,Series,Bangladesh,7 wickets,Home,1.0,0.0,100.0,2010,10,11
232,2010-10-14,New Zealand,2010-2011 Bangladesh v. New Zealand,Shere Bangla National Stadium,Bangladesh,Bangladesh won by 9 runs,Series,Bangladesh,9 runs,Home,1.0,0.0,100.0,2010,10,14
233,2010-10-17,New Zealand,2010-2011 Bangladesh v. New Zealand,Shere Bangla National Stadium,Bangladesh,Bangladesh won by 3 runs,Series,Bangladesh,3 runs,Home,1.0,0.0,100.0,2010,10,17
234,2010-12-01,Zimbabwe,2010-2011 Bangladesh v. Zimbabwe,Shere Bangla National Stadium,Bangladesh,Zimbabwe won by 9 runs,Series,Zimbabwe,9 runs,Home,0.0,1.0,0.0,2010,12,1
235,2010-12-03,Zimbabwe,2010-2011 Bangladesh v. Zimbabwe,Shere Bangla National Stadium,Bangladesh,Bangladesh won by 6 wickets,Series,Bangladesh,6 wickets,Home,1.0,0.0,100.0,2010,12,3
236,2010-12-06,Zimbabwe,2010-2011 Bangladesh v. Zimbabwe,Shere Bangla National Stadium,Bangladesh,Bangladesh won by 65 runs,Series,Bangladesh,65 runs,Home,1.0,0.0,100.0,2010,12,6
237,2010-12-12,Zimbabwe,2010-2011 Bangladesh v. Zimbabwe,Zahur Ahmed Chowdhury Stadium,Bangladesh,Bangladesh won by 6 wickets,Series,Bangladesh,6 wickets,Home,1.0,0.0,100.0,2010,12,12
238,2011-02-19,India,2010-2011 ICC World Cup (v. India),Shere Bangla National Stadium,Bangladesh,India won by 87 runs,ICC World Cup,India,87 runs,Home,0.0,1.0,0.0,2011,2,19
239,2011-02-25,Ireland,2010-2011 ICC World Cup (v. Ireland),Shere Bangla National Stadium,Bangladesh,Bangladesh won by 27 runs,ICC World Cup,Bangladesh,27 runs,Home,1.0,0.0,100.0,2011,2,25
240,2011-03-04,West Indies,2010-2011 ICC World Cup (v. West Indies),Shere Bangla National Stadium,Bangladesh,West Indies won by 9 wickets,ICC World Cup,West Indies,9 wickets,Home,0.0,1.0,0.0,2011,3,4
241,2011-03-11,England,2010-2011 ICC World Cup (v. England),Zahur Ahmed Chowdhury Stadium,Bangladesh,Bangladesh won by 2 wickets,ICC World Cup,Bangladesh,2 wickets,Home,1.0,0.0,100.0,2011,3,11
242,2011-03-14,Netherlands,2010-2011 ICC World Cup (v. Netherlands),Zahur Ahmed Chowdhury Stadium,Bangladesh,Bangladesh won by 6 wickets,ICC World Cup,Bangladesh,6 wickets,Home,1.0,0.0,100.0,2011,3,14
243,2011-03-19,South Africa,2010-2011 ICC World Cup (v. South Africa),Shere Bangla National Stadium,Bangladesh,South Africa won by 206 runs,ICC World Cup,South Africa,206 runs,Home,0.0,1.0,0.0,2011,3,19
244,2011-04-09,Australia,2010-2011 Bangladesh v. Australia,Shere Bangla National Stadium,Bangladesh,Australia won by 60 runs,Series,Australia,60 runs,Home,0.0,1.0,0.0,2011,4,9
245,2011-04-11,Australia,2010-2011 Bangladesh v. Australia,Shere Bangla National Stadium,Bangladesh,Australia won by 9 wickets,Series,Australia,9 wickets,Home,0.0,1.0,0.0,2011,4,11
246,2011-04-13,Australia,2010-2011 Bangladesh v. Australia,Shere Bangla National Stadium,Bangladesh,Australia won by 66 runs,Series,Australia,66 runs,Home,0.0,1.0,0.0,2011,4,13
247,2011-08-12,Zimbabwe,2011-2012 Zimbabwe v. Bangladesh,Harare Sports Club,Zimbabwe,Zimbabwe won by 4 wickets,Series,Zimbabwe,4 wickets,Away,0.0,1.0,0.0,2011,8,12
248,2011-08-14,Zimbabwe,2011-2012 Zimbabwe v. Bangladesh,Harare Sports Club,Zimbabwe,Zimbabwe won by 7 wickets,Series,Zimbabwe,7 wickets,Away,0.0,1.0,0.0,2011,8,14
249,2011-08-16,Zimbabwe,2011-2012 Zimbabwe v. Bangladesh,Harare Sports Club,Zimbabwe,Zimbabwe won by 5 runs,Series,Zimbabwe,5 runs,Away,0.0,1.0,0.0,2011,8,16
250,2011-08-19,Zimbabwe,2011-2012 Zimbabwe v. Bangladesh,Queens Sports Club,Zimbabwe,Bangladesh won by 6 wickets,Series,Bangladesh,6 wickets,Away,1.0,0.0,100.0,2011,8,19
251,2011-08-21,Zimbabwe,2011-2012 Zimbabwe v. Bangladesh,Queens Sports Club,Zimbabwe,Bangladesh won by 93 runs,Series,Bangladesh,93 runs,Away,1.0,0.0,100.0,2011,8,21
252,2011-10-13,West Indies,2011-2012 Bangladesh v. West Indies,Shere Bangla National Stadium,Bangladesh,West Indies won by 40 runs,Series,West Indies,40 runs,Home,0.0,1.0,0.0,2011,10,13
253,2011-10-15,West Indies,2011-2012 Bangladesh v. West Indies,Shere Bangla National Stadium,Bangladesh,West Indies won by 8 wickets,Series,West Indies,8 wickets,Home,0.0,1.0,0.0,2011,10,15
254,2011-10-18,West Indies,2011-2012 Bangladesh v. West Indies,Zahur Ahmed Chowdhury Stadium,Bangladesh,Bangladesh won by 8 wickets,Series,Bangladesh,8 wickets,Home,1.0,0.0,100.0,2011,10,18
255,2011-12-01,Pakistan,2011-2012 Bangladesh v. Pakistan,Shere Bangla National Stadium,Bangladesh,Pakistan won by 5 wickets,Series,Pakistan,5 wickets,Home,0.0,1.0,0.0,2011,12,1
256,2011-12-03,Pakistan,2011-2012 Bangladesh v. Pakistan,Shere Bangla National Stadium,Bangladesh,Pakistan won by 76 runs,Series,Pakistan,76 runs,Home,0.0,1.0,0.0,2011,12,3
257,2011-12-06,Pakistan,2011-2012 Bangladesh v. Pakistan,Zahur Ahmed Chowdhury Stadium,Bangladesh,Pakistan won by 58 runs,Series,Pakistan,58 runs,Home,0.0,1.0,0.0,2011,12,6
258,2012-03-11,Pakistan,2011-2012 Asia Cup (v. Pakistan),Shere Bangla National Stadium,Bangladesh,Pakistan won by 21 runs,Asia Cup,Pakistan,21 runs,Home,0.0,1.0,0.0,2012,3,11
259,2012-03-16,India,2011-2012 Asia Cup (v. India),Shere Bangla National Stadium,Bangladesh,Bangladesh won by 5 wickets,Asia Cup,Bangladesh,5 wickets,Home,1.0,0.0,100.0,2012,3,16
260,2012-03-20,Sri Lanka,2011-2012 Asia Cup (v. Sri Lanka),Shere Bangla National Stadium,Bangladesh,Bangladesh won by 5 wickets,Asia Cup,Bangladesh,5 wickets,Home,1.0,0.0,100.0,2012,3,20
261,2012-03-22,Pakistan,2011-2012 Asia Cup (v. Pakistan),Shere Bangla National Stadium,Bangladesh,Pakistan won by 2 runs,Asia Cup,Pakistan,2 runs,Home,0.0,1.0,0.0,2012,3,22
262,2012-11-30,West Indies,2012-2013 Bangladesh v. West Indies,Sheikh Abu Naser Stadium,Bangladesh,Bangladesh won by 7 wickets,Series,Bangladesh,7 wickets,Home,1.0,0.0,100.0,2012,11,30
263,2012-12-02,West Indies,2012-2013 Bangladesh v. West Indies,Sheikh Abu Naser Stadium,Bangladesh,Bangladesh won by 160 runs,Series,Bangladesh,160 runs,Home,1.0,0.0,100.0,2012,12,2
264,2012-12-05,West Indies,2012-2013 Bangladesh v. West Indies,Shere Bangla National Stadium,Bangladesh,West Indies won by 4 wickets,Series,West Indies,4 wickets,Home,0.0,1.0,0.0,2012,12,5
265,2012-12-07,West Indies,2012-2013 Bangladesh v. West Indies,Shere Bangla National Stadium,Bangladesh,West Indies won by 75 runs,Series,West Indies,75 runs,Home,0.0,1.0,0.0,2012,12,7
266,2012-12-08,West Indies,2012-2013 Bangladesh v. West Indies,Shere Bangla National Stadium,Bangladesh,Bangladesh won by 2 wickets,Series,Bangladesh,2 wickets,Home,1.0,0.0,100.0,2012,12,8
267,2013-03-23,Sri Lanka,2012-2013 Sri Lanka v. Bangladesh,Mahinda Rajapaksha International Cricket Stadium,Sri Lanka,Sri Lanka won by 8 wickets,Series,Sri Lanka,8 wickets,Away,0.0,1.0,0.0,2013,3,23
269,2013-03-28,Sri Lanka,2012-2013 Sri Lanka v. Bangladesh,Pallekele International Cricket Stadium,Sri Lanka,Bangladesh won by 3 wickets,Series,Bangladesh,3 wickets,Away,1.0,0.0,100.0,2013,3,28
270,2013-05-03,Zimbabwe,2012-2013 Zimbabwe v. Bangladesh,Queens Sports Club,Zimbabwe,Bangladesh won by 121 runs,Series,Bangladesh,121 runs,Away,1.0,0.0,100.0,2013,5,3
271,2013-05-05,Zimbabwe,2012-2013 Zimbabwe v. Bangladesh,Queens Sports Club,Zimbabwe,Zimbabwe won by 6 wickets,Series,Zimbabwe,6 wickets,Away,0.0,1.0,0.0,2013,5,5
272,2013-05-08,Zimbabwe,2012-2013 Zimbabwe v. Bangladesh,Queens Sports Club,Zimbabwe,Zimbabwe won by 7 wickets,Series,Zimbabwe,7 wickets,Away,0.0,1.0,0.0,2013,5,8
273,2013-10-29,New Zealand,2013-2014 Bangladesh v. New Zealand,Shere Bangla National Stadium,Bangladesh,Bangladesh won by 43 runs,Series,Bangladesh,43 runs,Home,1.0,0.0,100.0,2013,10,29
274,2013-10-31,New Zealand,2013-2014 Bangladesh v. New Zealand,Shere Bangla National Stadium,Bangladesh,Bangladesh won by 40 runs,Series,Bangladesh,40 runs,Home,1.0,0.0,100.0,2013,10,31
275,2013-11-03,New Zealand,2013-2014 Bangladesh v. New Zealand,Khan Shaheb Osman Ali Stadium,Bangladesh,Bangladesh won by 4 wickets,Series,Bangladesh,4 wickets,Home,1.0,0.0,100.0,2013,11,3
276,2014-02-17,Sri Lanka,2013-2014 Bangladesh v. Sri Lanka,Shere Bangla National Stadium,Bangladesh,Sri Lanka won by 13 runs,Series,Sri Lanka,13 runs,Home,0.0,1.0,0.0,2014,2,17
277,2014-02-20,Sri Lanka,2013-2014 Bangladesh v. Sri Lanka,Shere Bangla National Stadium,Bangladesh,Sri Lanka won by 61 runs,Series,Sri Lanka,61 runs,Home,0.0,1.0,0.0,2014,2,20
278,2014-02-22,Sri Lanka,2013-2014 Bangladesh v. Sri Lanka,Shere Bangla National Stadium,Bangladesh,Sri Lanka won by 6 wickets,Series,Sri Lanka,6 wickets,Home,0.0,1.0,0.0,2014,2,22
279,2014-02-26,India,2013-2014 Asia Cup (v. India),Khan Shaheb Osman Ali Stadium,Bangladesh,India won by 6 wickets,Asia Cup,India,6 wickets,Home,0.0,1.0,0.0,2014,2,26
280,2014-03-01,Afghanistan,2013-2014 Asia Cup (v. Afghanistan),Khan Shaheb Osman Ali Stadium,Bangladesh,Afghanistan won by 32 runs,Asia Cup,Afghanistan,32 runs,Home,0.0,1.0,0.0,2014,3,1
281,2014-03-04,Pakistan,2013-2014 Asia Cup (v. Pakistan),Shere Bangla National Stadium,Bangladesh,Pakistan won by 3 wickets,Asia Cup,Pakistan,3 wickets,Home,0.0,1.0,0.0,2014,3,4
282,2014-03-06,Sri Lanka,2013-2014 Asia Cup (v. Sri Lanka),Shere Bangla National Stadium,Bangladesh,Sri Lanka won by 3 wickets,Asia Cup,Sri Lanka,3 wickets,Home,0.0,1.0,0.0,2014,3,6
283,2014-06-15,India,2013-2014 Bangladesh v. India,Shere Bangla National Stadium,Bangladesh,India won by 7 wickets,Series,India,7 wickets,Home,0.0,1.0,0.0,2014,6,15
284,2014-06-17,India,2013-2014 Bangladesh v. India,Shere Bangla National Stadium,Bangladesh,India won by 47 runs,Series,India,47 runs,Home,0.0,1.0,0.0,2014,6,17
286,2014-08-20,West Indies,2014-2015 West Indies v. Bangladesh,National Cricket Stadium (Grenada),West Indies,West Indies won by 3 wickets,Series,West Indies,3 wickets,Away,0.0,1.0,0.0,2014,8,20
287,2014-08-22,West Indies,2014-2015 West Indies v. Bangladesh,National Cricket Stadium (Grenada),West Indies,West Indies won by 177 runs,Series,West Indies,177 runs,Away,0.0,1.0,0.0,2014,8,22
288,2014-08-25,West Indies,2014-2015 West Indies v. Bangladesh,Warner Park,West Indies,West Indies won by 91 runs,Series,West Indies,91 runs,Away,0.0,1.0,0.0,2014,8,25
289,2014-11-21,Zimbabwe,2014-2015 Bangladesh v. Zimbabwe,Zahur Ahmed Chowdhury Stadium,Bangladesh,Bangladesh won by 87 runs,Series,Bangladesh,87 runs,Home,1.0,0.0,100.0,2014,11,21
290,2014-11-23,Zimbabwe,2014-2015 Bangladesh v. Zimbabwe,Zahur Ahmed Chowdhury Stadium,Bangladesh,Bangladesh won by 68 runs,Series,Bangladesh,68 runs,Home,1.0,0.0,100.0,2014,11,23
291,2014-11-26,Zimbabwe,2014-2015 Bangladesh v. Zimbabwe,Shere Bangla National Stadium,Bangladesh,Bangladesh won by 124 runs,Series,Bangladesh,124 runs,Home,1.0,0.0,100.0,2014,11,26
292,2014-11-28,Zimbabwe,2014-2015 Bangladesh v. Zimbabwe,Shere Bangla National Stadium,Bangladesh,Bangladesh won by 21 runs,Series,Bangladesh,21 runs,Home,1.0,0.0,100.0,2014,11,28
293,2014-12-01,Zimbabwe,2014-2015 Bangladesh v. Zimbabwe,Shere Bangla National Stadium,Bangladesh,Bangladesh won by 5 wickets,Series,Bangladesh,5 wickets,Home,1.0,0.0,100.0,2014,12,1
294,2015-02-18,Afghanistan,2014-2015 ICC World Cup (v. Afghanistan),Manuka Oval,Australia,Bangladesh won by 105 runs,ICC World Cup,Bangladesh,105 runs,Away,1.0,0.0,100.0,2015,2,18
295,2015-02-26,Sri Lanka,2014-2015 ICC World Cup (v. Sri Lanka),Melbourne Cricket Ground,Australia,Sri Lanka won by 92 runs,ICC World Cup,Sri Lanka,92 runs,Away,0.0,1.0,0.0,2015,2,26
296,2015-03-04,Scotland,2014-2015 ICC World Cup (v. Scotland),Saxton Oval,New Zealand,Bangladesh won by 6 wickets,ICC World Cup,Bangladesh,6 wickets,Away,1.0,0.0,100.0,2015,3,4
297,2015-03-09,England,2014-2015 ICC World Cup (v. England),Adelaide Oval,Australia,Bangladesh won by 15 runs,ICC World Cup,Bangladesh,15 runs,Away,1.0,0.0,100.0,2015,3,9
298,2015-03-13,New Zealand,2014-2015 ICC World Cup (v. New Zealand),Seddon Park,New Zealand,New Zealand won by 3 wickets,ICC World Cup,New Zealand,3 wickets,Away,0.0,1.0,0.0,2015,3,13
299,2015-03-19,India,2014-2015 ICC World Cup (v. India),Melbourne Cricket Ground,Australia,India won by 109 runs,ICC World Cup,India,109 runs,Away,0.0,1.0,0.0,2015,3,19
300,2015-04-17,Pakistan,2014-2015 Bangladesh v. Pakistan,Shere Bangla National Stadium,Bangladesh,Bangladesh won by 79 runs,Series,Bangladesh,79 runs,Home,1.0,0.0,100.0,2015,4,17
301,2015-04-19,Pakistan,2014-2015 Bangladesh v. Pakistan,Shere Bangla National Stadium,Bangladesh,Bangladesh won by 7 wickets,Series,Bangladesh,7 wickets,Home,1.0,0.0,100.0,2015,4,19
302,2015-04-22,Pakistan,2014-2015 Bangladesh v. Pakistan,Shere Bangla National Stadium,Bangladesh,Bangladesh won by 8 wickets,Series,Bangladesh,8 wickets,Home,1.0,0.0,100.0,2015,4,22
303,2015-06-18,India,2014-2015 Bangladesh v. India,Shere Bangla National Stadium,Bangladesh,Bangladesh won by 79 runs,Series,Bangladesh,79 runs,Home,1.0,0.0,100.0,2015,6,18
304,2015-06-21,India,2014-2015 Bangladesh v. India,Shere Bangla National Stadium,Bangladesh,Bangladesh won by 6 wickets,Series,Bangladesh,6 wickets,Home,1.0,0.0,100.0,2015,6,21
305,2015-06-24,India,2014-2015 Bangladesh v. India,Shere Bangla National Stadium,Bangladesh,India won by 77 runs,Series,India,77 runs,Home,0.0,1.0,0.0,2015,6,24
306,2015-07-10,South Africa,2015-2016 Bangladesh v. South Africa,Shere Bangla National Stadium,Bangladesh,South Africa won by 8 wickets,Series,South Africa,8 wickets,Home,0.0,1.0,0.0,2015,7,10
307,2015-07-12,South Africa,2015-2016 Bangladesh v. South Africa,Shere Bangla National Stadium,Bangladesh,Bangladesh won by 7 wickets,Series,Bangladesh,7 wickets,Home,1.0,0.0,100.0,2015,7,12
308,2015-07-15,South Africa,2015-2016 Bangladesh v. South Africa,Zahur Ahmed Chowdhury Stadium,Bangladesh,Bangladesh won by 9 wickets,Series,Bangladesh,9 wickets,Home,1.0,0.0,100.0,2015,7,15
309,2015-11-07,Zimbabwe,2015-2016 Bangladesh v. Zimbabwe,Shere Bangla National Stadium,Bangladesh,Bangladesh won by 145 runs,Series,Bangladesh,145 runs,Home,1.0,0.0,100.0,2015,11,7
310,2015-11-09,Zimbabwe,2015-2016 Bangladesh v. Zimbabwe,Shere Bangla National Stadium,Bangladesh,Bangladesh won by 58 runs,Series,Bangladesh,58 runs,Home,1.0,0.0,100.0,2015,11,9
311,2015-11-11,Zimbabwe,2015-2016 Bangladesh v. Zimbabwe,Shere Bangla National Stadium,Bangladesh,Bangladesh won by 61 runs,Series,Bangladesh,61 runs,Home,1.0,0.0,100.0,2015,11,11
312,2016-09-25,Afghanistan,2016-2017 Bangladesh v. Afghanistan,Shere Bangla National Stadium,Bangladesh,Bangladesh won by 7 runs,Series,Bangladesh,7 runs,Home,1.0,0.0,100.0,2016,9,25
313,2016-09-28,Afghanistan,2016-2017 Bangladesh v. Afghanistan,Shere Bangla National Stadium,Bangladesh,Afghanistan won by 2 wickets,Series,Afghanistan,2 wickets,Home,0.0,1.0,0.0,2016,9,28
314,2016-10-01,Afghanistan,2016-2017 Bangladesh v. Afghanistan,Shere Bangla National Stadium,Bangladesh,Bangladesh won by 141 runs,Series,Bangladesh,141 runs,Home,1.0,0.0,100.0,2016,10,1
315,2016-10-07,England,2016-2017 Bangladesh v. England,Shere Bangla National Stadium,Bangladesh,England won by 21 runs,Series,England,21 runs,Home,0.0,1.0,0.0,2016,10,7
316,2016-10-09,England,2016-2017 Bangladesh v. England,Shere Bangla National Stadium,Bangladesh,Bangladesh won by 34 runs,Series,Bangladesh,34 runs,Home,1.0,0.0,100.0,2016,10,9
317,2016-10-12,England,2016-2017 Bangladesh v. England,Zahur Ahmed Chowdhury Stadium,Bangladesh,England won by 4 wickets,Series,England,4 wickets,Home,0.0,1.0,0.0,2016,10,12
318,2016-12-26,New Zealand,2016-2017 New Zealand v. Bangladesh,Hagley Oval,New Zealand,New Zealand won by 77 runs,Series,New Zealand,77 runs,Away,0.0,1.0,0.0,2016,12,26
319,2016-12-29,New Zealand,2016-2017 New Zealand v. Bangladesh,Saxton Oval,New Zealand,New Zealand won by 67 runs,Series,New Zealand,67 runs,Away,0.0,1.0,0.0,2016,12,29
320,2016-12-31,New Zealand,2016-2017 New Zealand v. Bangladesh,Saxton Oval,New Zealand,New Zealand won by 8 wickets,Series,New Zealand,8 wickets,Away,0.0,1.0,0.0,2016,12,31
321,2017-03-25,Sri Lanka,2016-2017 Sri Lanka v. Bangladesh,Rangiri Dambulla International Stadium,Sri Lanka,Bangladesh won by 90 runs,Series,Bangladesh,90 runs,Away,1.0,0.0,100.0,2017,3,25
323,2017-04-01,Sri Lanka,2016-2017 Sri Lanka v. Bangladesh,Sinhalese Sports Club Ground,Sri Lanka,Sri Lanka won by 70 runs,Series,Sri Lanka,70 runs,Away,0.0,1.0,0.0,2017,4,1
325,2017-05-17,New Zealand,2017 Ireland Tri-Nation Series (v. New Zealand),Castle Avenue,Ireland,New Zealand won by 4 wickets,Series,New Zealand,4 wickets,Away,0.0,1.0,0.0,2017,5,17
326,2017-05-19,Ireland,2017 Ireland Tri-Nation Series (v. Ireland),The Village,Ireland,Bangladesh won by 8 wickets,Series,Bangladesh,8 wickets,Away,1.0,0.0,100.0,2017,5,19
327,2017-05-24,New Zealand,2017 Ireland Tri-Nation Series (v. New Zealand),Castle Avenue,Ireland,Bangladesh won by 5 wickets,Series,Bangladesh,5 wickets,Away,1.0,0.0,100.0,2017,5,24
328,2017-06-01,England,2017 ICC Champions Trophy (v. England),Kennington Oval,England,England won by 8 wickets,ICC Champions Trophy,England,8 wickets,Away,0.0,1.0,0.0,2017,6,1
330,2017-06-09,New Zealand,2017 ICC Champions Trophy (v. New Zealand),Sophia Gardens,Wales,Bangladesh won by 5 wickets,ICC Champions Trophy,Bangladesh,5 wickets,Away,1.0,0.0,100.0,2017,6,9
331,2017-06-15,India,2017 ICC Champions Trophy (v. India),Edgbaston,England,India won by 9 wickets,ICC Champions Trophy,India,9 wickets,Away,0.0,1.0,0.0,2017,6,15
332,2017-10-15,South Africa,2017-2018 South Africa v. Bangladesh,Diamond Oval,South Africa,South Africa won by 10 wickets,Series,South Africa,10 wickets,Away,0.0,1.0,0.0,2017,10,15
333,2017-10-18,South Africa,2017-2018 South Africa v. Bangladesh,Boland Park,South Africa,South Africa won by 104 runs,Series,South Africa,104 runs,Away,0.0,1.0,0.0,2017,10,18
334,2017-10-22,South Africa,2017-2018 South Africa v. Bangladesh,Buffalo Park,South Africa,South Africa won by 200 runs,Series,South Africa,200 runs,Away,0.0,1.0,0.0,2017,10,22
335,2018-01-15,Zimbabwe,2017-2018 Bangladesh Tri-Nation Series (v. Zimbabwe),Shere Bangla National Stadium,Bangladesh,Bangladesh won by 8 wickets,Series,Bangladesh,8 wickets,Home,1.0,0.0,100.0,2018,1,15
336,2018-01-19,Sri Lanka,2017-2018 Bangladesh Tri-Nation Series (v. Sri Lanka),Shere Bangla National Stadium,Bangladesh,Bangladesh won by 163 runs,Series,Bangladesh,163 runs,Home,1.0,0.0,100.0,2018,1,19
337,2018-01-23,Zimbabwe,2017-2018 Bangladesh Tri-Nation Series (v. Zimbabwe),Shere Bangla National Stadium,Bangladesh,Bangladesh won by 91 runs,Series,Bangladesh,91 runs,Home,1.0,0.0,100.0,2018,1,23
338,2018-01-25,Sri Lanka,2017-2018 Bangladesh Tri-Nation Series (v. Sri Lanka),Shere Bangla National Stadium,Bangladesh,Sri Lanka won by 10 wickets,Series,Sri Lanka,10 wickets,Home,0.0,1.0,0.0,2018,1,25
339,2018-01-27,Sri Lanka,2017-2018 Bangladesh Tri-Nation Series (v. Sri Lanka),Shere Bangla National Stadium,Bangladesh,Sri Lanka won by 79 runs,Series,Sri Lanka,79 runs,Home,0.0,1.0,0.0,2018,1,27
340,2018-07-22,West Indies,2018-2019 West Indies v. Bangladesh,Providence Stadium,West Indies,Bangladesh won by 48 runs,Series,Bangladesh,48 runs,Away,1.0,0.0,100.0,2018,7,22
341,2018-07-25,West Indies,2018-2019 West Indies v. Bangladesh,Providence Stadium,West Indies,West Indies won by 3 runs,Series,West Indies,3 runs,Away,0.0,1.0,0.0,2018,7,25
342,2018-07-28,West Indies,2018-2019 West Indies v. Bangladesh,Warner Park,West Indies,Bangladesh won by 18 runs,Series,Bangladesh,18 runs,Away,1.0,0.0,100.0,2018,7,28
343,2018-09-15,Sri Lanka,2018-2019 Asia Cup (v. Sri Lanka),Dubai International Cricket Stadium,United Arab Emirates,Bangladesh won by 137 runs,Asia Cup,Bangladesh,137 runs,Away,1.0,0.0,100.0,2018,9,15
344,2018-09-20,Afghanistan,2018-2019 Asia Cup (v. Afghanistan),Sheikh Zayed Stadium,United Arab Emirates,Afghanistan won by 136 runs,Asia Cup,Afghanistan,136 runs,Away,0.0,1.0,0.0,2018,9,20
345,2018-09-21,India,2018-2019 Asia Cup (v. India),Dubai International Cricket Stadium,United Arab Emirates,India won by 7 wickets,Asia Cup,India,7 wickets,Away,0.0,1.0,0.0,2018,9,21
346,2018-09-23,Afghanistan,2018-2019 Asia Cup (v. Afghanistan),Sheikh Zayed Stadium,United Arab Emirates,Bangladesh won by 3 runs,Asia Cup,Bangladesh,3 runs,Away,1.0,0.0,100.0,2018,9,23
347,2018-09-26,Pakistan,2018-2019 Asia Cup (v. Pakistan),Sheikh Zayed Stadium,United Arab Emirates,Bangladesh won by 37 runs,Asia Cup,Bangladesh,37 runs,Away,1.0,0.0,100.0,2018,9,26
348,2018-09-28,India,2018-2019 Asia Cup (v. India),Dubai International Cricket Stadium,United Arab Emirates,India won by 3 wickets,Asia Cup,India,3 wickets,Away,0.0,1.0,0.0,2018,9,28
349,2018-10-21,Zimbabwe,2018-2019 Bangladesh v. Zimbabwe,Shere Bangla National Stadium,Bangladesh,Bangladesh won by 28 runs,Series,Bangladesh,28 runs,Home,1.0,0.0,100.0,2018,10,21
350,2018-10-24,Zimbabwe,2018-2019 Bangladesh v. Zimbabwe,Zahur Ahmed Chowdhury Stadium,Bangladesh,Bangladesh won by 7 wickets,Series,Bangladesh,7 wickets,Home,1.0,0.0,100.0,2018,10,24
351,2018-10-26,Zimbabwe,2018-2019 Bangladesh v. Zimbabwe,Zahur Ahmed Chowdhury Stadium,Bangladesh,Bangladesh won by 7 wickets,Series,Bangladesh,7 wickets,Home,1.0,0.0,100.0,2018,10,26
352,2018-12-09,West Indies,2018-2019 Bangladesh v. West Indies,Shere Bangla National Stadium,Bangladesh,Bangladesh won by 5 wickets,Series,Bangladesh,5 wickets,Home,1.0,0.0,100.0,2018,12,9
353,2018-12-11,West Indies,2018-2019 Bangladesh v. West Indies,Shere Bangla National Stadium,Bangladesh,West Indies won by 4 wickets,Series,West Indies,4 wickets,Home,0.0,1.0,0.0,2018,12,11
354,2018-12-14,West Indies,2018-2019 Bangladesh v. West Indies,Sylhet Stadium,Bangladesh,Bangladesh won by 8 wickets,Series,Bangladesh,8 wickets,Home,1.0,0.0,100.0,2018,12,14
355,2019-02-13,New Zealand,2018-2019 New Zealand v. Bangladesh,McLean Park,New Zealand,New Zealand won by 8 wickets,Series,New Zealand,8 wickets,Away,0.0,1.0,0.0,2019,2,13
356,2019-02-16,New Zealand,2018-2019 New Zealand v. Bangladesh,Hagley Oval,New Zealand,New Zealand won by 8 wickets,Series,New Zealand,8 wickets,Away,0.0,1.0,0.0,2019,2,16
357,2019-02-20,New Zealand,2018-2019 New Zealand v. Bangladesh,University Oval,New Zealand,New Zealand won by 88 runs,Series,New Zealand,88 runs,Away,0.0,1.0,0.0,2019,2,20
358,2019-05-07,West Indies,2018-2019 Ireland Tri-Nation Series (v. West Indies),Castle Avenue,Ireland,Bangladesh won by 8 wickets,Series,Bangladesh,8 wickets,Away,1.0,0.0,100.0,2019,5,7
359,2019-05-13,West Indies,2018-2019 Ireland Tri-Nation Series (v. West Indies),The Village,Ireland,Bangladesh won by 5 wickets,Series,Bangladesh,5 wickets,Away,1.0,0.0,100.0,2019,5,13
360,2019-05-15,Ireland,2018-2019 Ireland Tri-Nation Series (v. Ireland),Castle Avenue,Ireland,Bangladesh won by 6 wickets,Series,Bangladesh,6 wickets,Away,1.0,0.0,100.0,2019,5,15
361,2019-05-17,West Indies,2018-2019 Ireland Tri-Nation Series (v. West Indies),The Village,Ireland,Bangladesh won by 5 wickets,Series,Bangladesh,5 wickets,Away,1.0,0.0,100.0,2019,5,17
362,2019-06-02,South Africa,2019 ICC World Cup (v. South Africa),Kennington Oval,England,Bangladesh won by 21 runs,ICC World Cup,Bangladesh,21 runs,Away,1.0,0.0,100.0,2019,6,2
363,2019-06-05,New Zealand,2019 ICC World Cup (v. New Zealand),Kennington Oval,England,New Zealand won by 2 wickets,ICC World Cup,New Zealand,2 wickets,Away,0.0,1.0,0.0,2019,6,5
364,2019-06-08,England,2019 ICC World Cup (v. England),Sophia Gardens,Wales,England won by 106 runs,ICC World Cup,England,106 runs,Away,0.0,1.0,0.0,2019,6,8
365,2019-06-17,West Indies,2019 ICC World Cup (v. West Indies),The Cooper Associates County Ground,England,Bangladesh won by 7 wickets,ICC World Cup,Bangladesh,7 wickets,Away,1.0,0.0,100.0,2019,6,17
366,2019-06-20,Australia,2019 ICC World Cup (v. Australia),Trent Bridge,England,Australia won by 48 runs,ICC World Cup,Australia,48 runs,Away,0.0,1.0,0.0,2019,6,20
367,2019-06-24,Afghanistan,2019 ICC World Cup (v. Afghanistan),The Rose Bowl,England,Bangladesh won by 62 runs,ICC World Cup,Bangladesh,62 runs,Away,1.0,0.0,100.0,2019,6,24
368,2019-07-02,India,2019 ICC World Cup (v. India),Edgbaston,England,India won by 28 runs,ICC World Cup,India,28 runs,Away,0.0,1.0,0.0,2019,7,2
369,2019-07-05,Pakistan,2019 ICC World Cup (v. Pakistan),Lord's,England,Pakistan won by 94 runs,ICC World Cup,Pakistan,94 runs,Away,0.0,1.0,0.0,2019,7,5
370,2019-07-26,Sri Lanka,2019 Sri Lanka v. Bangladesh,R Premadasa Stadium,Sri Lanka,Sri Lanka won by 91 runs,Series,Sri Lanka,91 runs,Away,0.0,1.0,0.0,2019,7,26
371,2019-07-28,Sri Lanka,2019 Sri Lanka v. Bangladesh,R Premadasa Stadium,Sri Lanka,Sri Lanka won by 7 wickets,Series,Sri Lanka,7 wickets,Away,0.0,1.0,0.0,2019,7,28
372,2019-07-31,Sri Lanka,2019 Sri Lanka v. Bangladesh,R Premadasa Stadium,Sri Lanka,Sri Lanka won by 122 runs,Series,Sri Lanka,122 runs,Away,0.0,1.0,0.0,2019,7,31
373,2020-03-01,Zimbabwe,2019-2020 Bangladesh v. Zimbabwe,Sylhet Stadium,Bangladesh,Bangladesh won by 169 runs,Series,Bangladesh,169 runs,Home,1.0,0.0,100.0,2020,3,1
374,2020-03-03,Zimbabwe,2019-2020 Bangladesh v. Zimbabwe,Sylhet Stadium,Bangladesh,Bangladesh won by 4 runs,Series,Bangladesh,4 runs,Home,1.0,0.0,100.0,2020,3,3
375,2020-03-06,Zimbabwe,2019-2020 Bangladesh v. Zimbabwe,Sylhet Stadium,Bangladesh,Bangladesh won by 123 runs,Series,Bangladesh,123 runs,Home,1.0,0.0,100.0,2020,3,6
376,2021-01-20,West Indies,2020-2021 Bangladesh v. West Indies,Shere Bangla National Stadium,Bangladesh,Bangladesh won by 6 wickets,Series,Bangladesh,6 wickets,Home,1.0,0.0,100.0,2021,1,20
377,2021-01-22,West Indies,2020-2021 Bangladesh v. West Indies,Shere Bangla National Stadium,Bangladesh,Bangladesh won by 7 wickets,Series,Bangladesh,7 wickets,Home,1.0,0.0,100.0,2021,1,22
378,2021-01-25,West Indies,2020-2021 Bangladesh v. West Indies,Zahur Ahmed Chowdhury Stadium,Bangladesh,Bangladesh won by 120 runs,Series,Bangladesh,120 runs,Home,1.0,0.0,100.0,2021,1,25
379,2021-03-20,New Zealand,2020-2021 New Zealand v. Bangladesh,University Oval,New Zealand,New Zealand won by 8 wickets,Series,New Zealand,8 wickets,Away,0.0,1.0,0.0,2021,3,20
380,2021-03-23,New Zealand,2020-2021 New Zealand v. Bangladesh,Hagley Oval,New Zealand,New Zealand won by 5 wickets,Series,New Zealand,5 wickets,Away,0.0,1.0,0.0,2021,3,23
381,2021-03-26,New Zealand,2020-2021 New Zealand v. Bangladesh,Basin Reserve,New Zealand,New Zealand won by 164 runs,Series,New Zealand,164 runs,Away,0.0,1.0,0.0,2021,3,26
382,2021-05-23,Sri Lanka,2020-2021 Bangladesh v. Sri Lanka,Shere Bangla National Stadium,Bangladesh,Bangladesh won by 33 runs,Series,Bangladesh,33 runs,Home,1.0,0.0,100.0,2021,5,23
383,2021-05-25,Sri Lanka,2020-2021 Bangladesh v. Sri Lanka,Shere Bangla National Stadium,Bangladesh,Bangladesh won by 103 runs,Series,Bangladesh,103 runs,Home,1.0,0.0,100.0,2021,5,25
384,2021-05-28,Sri Lanka,2020-2021 Bangladesh v. Sri Lanka,Shere Bangla National Stadium,Bangladesh,Sri Lanka won by 97 runs,Series,Sri Lanka,97 runs,Home,0.0,1.0,0.0,2021,5,28
385,2021-07-16,Zimbabwe,2021-2022 Zimbabwe v. Bangladesh,Harare Sports Club,Zimbabwe,Bangladesh won by 155 runs,Series,Bangladesh,155 runs,Away,1.0,0.0,100.0,2021,7,16
386,2021-07-18,Zimbabwe,2021-2022 Zimbabwe v. Bangladesh,Harare Sports Club,Zimbabwe,Bangladesh won by 3 wickets,Series,Bangladesh,3 wickets,Away,1.0,0.0,100.0,2021,7,18
387,2021-07-20,Zimbabwe,2021-2022 Zimbabwe v. Bangladesh,Harare Sports Club,Zimbabwe,Bangladesh won by 5 wickets,Series,Bangladesh,5 wickets,Away,1.0,0.0,100.0,2021,7,20
388,2022-02-23,Afghanistan,2021-2022 Bangladesh v. Afghanistan,Zahur Ahmed Chowdhury Stadium,Bangladesh,Bangladesh won by 4 wickets,Series,Bangladesh,4 wickets,Home,1.0,0.0,100.0,2022,2,23
389,2022-02-25,Afghanistan,2021-2022 Bangladesh v. Afghanistan,Zahur Ahmed Chowdhury Stadium,Bangladesh,Bangladesh won by 88 runs,Series,Bangladesh,88 runs,Home,1.0,0.0,100.0,2022,2,25
390,2022-02-28,Afghanistan,2021-2022 Bangladesh v. Afghanistan,Zahur Ahmed Chowdhury Stadium,Bangladesh,Afghanistan won by 7 wickets,Series,Afghanistan,7 wickets,Home,0.0,1.0,0.0,2022,2,28
391,2022-03-18,South Africa,2021-2022 South Africa v. Bangladesh,SuperSport Park,South Africa,Bangladesh won by 38 runs,Series,Bangladesh,38 runs,Away,1.0,0.0,100.0,2022,3,18
392,2022-03-20,South Africa,2021-2022 South Africa v. Bangladesh,Wanderers Stadium,South Africa,South Africa won by 7 wickets,Series,South Africa,7 wickets,Away,0.0,1.0,0.0,2022,3,20
393,2022-03-23,South Africa,2021-2022 South Africa v. Bangladesh,SuperSport Park,South Africa,Bangladesh won by 9 wickets,Series,Bangladesh,9 wickets,Away,1.0,0.0,100.0,2022,3,23
394,2022-07-10,West Indies,2022 West Indies v. Bangladesh,Providence Stadium,West Indies,Bangladesh won by 6 wickets,Series,Bangladesh,6 wickets,Away,1.0,0.0,100.0,2022,7,10
395,2022-07-13,West Indies,2022 West Indies v. Bangladesh,Providence Stadium,West Indies,Bangladesh won by 9 wickets,Series,Bangladesh,9 wickets,Away,1.0,0.0,100.0,2022,7,13
396,2022-07-16,West Indies,2022 West Indies v. Bangladesh,Providence Stadium,West Indies,Bangladesh won by 4 wickets,Series,Bangladesh,4 wickets,Away,1.0,0.0,100.0,2022,7,16
397,2022-08-05,Zimbabwe,2022 Zimbabwe v. Bangladesh,Harare Sports Club,Zimbabwe,Zimbabwe won by 5 wickets,Series,Zimbabwe,5 wickets,Away,0.0,1.0,0.0,2022,8,5
398,2022-08-07,Zimbabwe,2022 Zimbabwe v. Bangladesh,Harare Sports Club,Zimbabwe,Zimbabwe won by 5 wickets,Series,Zimbabwe,5 wickets,Away,0.0,1.0,0.0,2022,8,7
399,2022-08-10,Zimbabwe,2022 Zimbabwe v. Bangladesh,Harare Sports Club,Zimbabwe,Bangladesh won by 105 runs,Series,Bangladesh,105 runs,Away,1.0,0.0,100.0,2022,8,10
400,2022-12-04,India,2022-2023 Bangladesh v. India,Shere Bangla National Stadium,Bangladesh,Bangladesh won by 1 wicket,Series,Bangladesh,1 wicket,Home,1.0,0.0,100.0,2022,12,4
401,2022-12-07,India,2022-2023 Bangladesh v. India,Shere Bangla National Stadium,Bangladesh,Bangladesh won by 5 runs,Series,Bangladesh,5 runs,Home,1.0,0.0,100.0,2022,12,7
402,2022-12-10,India,2022-2023 Bangladesh v. India,Zahur Ahmed Chowdhury Stadium,Bangladesh,India won by 227 runs,Series,India,227 runs,Home,0.0,1.0,0.0,2022,12,10
